Gene,Num_Significant_DEGs
YLPM1,395
PVT1,388
XPO7,356
CSDE1,322
HMGCR,311
ARPC2,306
NME6,295
MNT,283
RASIP1,265
GTF3A,257
ZSWIM3,253
TRIP12,253
ZNF281,247
NUFIP2,244
PA2G4,234
CHUK,228
DHTKD1,228
MTPAP,227
SMAD3,227
ARNT,227
NCOA5,226
IQGAP1,224
ACAD11,221
GNAS,216
RPL7L1,214
KDELR2,210
POLG2,210
AAGAB,210
MANEA,210
SMARCB1,209
OMA1,207
ZNF827,204
CDKN2B,203
TMUB1,203
TRPC4AP,201
DTYMK,201
ZNF764,201
TAOK1,200
IFI30,199
CEP41,198
VPS11,197
UBA5,197
FLI1,195
DET1,194
EHMT2,193
KPNA2,192
AMT,191
KLHL7,191
QRICH2,189
TRAF3IP2,188
PRKAR1A,188
SMARCD2,188
CALCOCO1,187
B3GNT8,184
AGPAT1,183
RAB1A,182
MLEC,182
SMARCAD1,182
NFKB2,182
HEATR5B,182
ACTG1,181
REST,180
ABHD16A,179
PARP12,179
TIMM9,179
SEC61A2,178
NR2C1,178
TNFRSF1B,178
TMEM9,177
COLGALT1,177
PLEKHH3,176
NOS3,176
KMT2D,176
TRIM68,176
SHISA4,175
PVR,175
TYRO3,175
CNPY3,175
IST1,174
ARL4A,174
MALAT1,174
RBFOX2,174
RNFT1,173
NDUFA8,173
LMAN1,173
CTNND1,173
ZNF229,173
MRPL34,173
DMXL1,172
GSTO1,172
CCRL2,172
RGS12,172
SIX2,172
P2RX7,171
STAT5A,171
BAG6,171
TMEM167B,170
UGGT1,170
CLIC1,170
HAPLN3,169
SBF2,169
BMPER,169
PECR,169
REXO4,168
ABHD17C,168
ENSA,166
IFI27L2,166
CLDN1,166
KALRN,166
LSP1,165
PHF19,165
MRPL3,165
TMED10,165
PAK2,165
REPIN1,165
POGZ,164
EZR,164
ARG2,164
UBE2D1,164
ZNF774,164
MUS81,164
ZNF22,164
UHRF1BP1,164
MGA,163
NCEH1,163
GCOM1,163
KIF3A,162
HINT3,162
AGER,162
EMP2,162
SH3RF1,161
GSTO2,161
NUDT3,161
SOX4,160
LAPTM4A,160
INPP5B,160
PROX1,160
ACCS,160
GPSM3,159
MAST3,159
NUDT18,159
TRIM47,159
MEGF9,159
TNFSF10,159
RNF146,159
CX3CL1,158
MT1F,158
NUDT1,158
PPP3CC,158
CYB561D1,158
CPNE5,158
TBCEL,157
AGPAT4,157
TRIB1,157
RAPGEF3,157
ZNF785,157
IRF1,157
ST3GAL4,156
MFSD4B,156
SCARB1,156
ATP6V0E2,155
VPS45,155
DOCK9,155
MIR762HG,155
DMRTA1,155
GPR162,155
UIMC1,155
YES1,155
SVIL,154
GSTM4,154
RAP1GDS1,154
OPTN,154
EDEM2,154
NDUFAF1,154
MESP1,154
ITGA1,154
PDP1,154
FYN,153
KCTD9,153
PHLDA3,153
TMEM222,153
KDM6B,153
AP1G1,152
LIPG,152
MOCS2,152
ABCG4,152
DCUN1D5,152
SLC2A6,151
MIER3,151
INPP5D,151
DHCR24,151
SELE,150
SOCS5,150
PDLIM7,150
LTN1,150
UQCRC1,150
TMEM184C,150
IFIT1,150
DGKA,150
FGD6,150
AGTRAP,149
FLII,149
TLR4,149
COG2,149
SEC11C,148
FYCO1,148
RAB5B,148
TMEM115,148
CYP2J2,148
MYEOV,148
RAB3A,148
BOLA1,148
AGAP3,148
TNFRSF14,147
TRAPPC6A,147
ACOT8,147
AKAP12,147
OTUD7B,147
HHAT,147
PSMD5,147
RAB13,147
POLG,147
HIF1A,147
NUB1,146
CARD8,146
VAMP8,145
DAP,145
APH1A,145
CDCA2,145
TTLL11,145
FZD6,144
SLC22A4,144
NEAT1,144
GSTM2,144
HSPA13,144
ATXN7L2,144
LPIN3,144
TNS2,144
PRPH2,144
EVL,144
TRA2A,144
SNAPC5,143
PCMTD2,143
THBD,143
TSFM,143
TSLP,143
IRF3,142
NT5C3B,142
RWDD2B,142
AGAP2,142
ECE1,142
S100A10,142
PLXNB1,141
TRAF6,141
CCDC36,141
ARHGAP26,141
STK38,140
POLR2M,140
THADA,140
CD40,140
DKK1,140
TTBK2,139
PRR14,139
IGFBP2,139
MICALL2,139
NFKBIL1,138
CUL9,138
IBTK,138
GABARAPL2,138
MAP3K6,138
FAM126A,138
MAP1LC3B2,138
ACSS2,138
ZNF235,138
MLH3,138
SLC2A11,137
RAP1A,137
PLPP3,137
PDCD6,137
PDLIM2,137
CDH13,137
SLC46A3,137
SETD3,136
PLBD2,136
C18orf32,136
PLEKHA5,136
COASY,135
RAD50,135
PLTP,135
ZDHHC18,135
P4HA2,134
DGCR6L,134
CYTH3,134
PMVK,133
MT1E,133
CREB1,133
USP25,132
LAG3,132
TTC32,132
ADAMTS7,132
ITGB4,132
ZSCAN29,131
NRP1,131
WDR47,131
SNX13,131
GLI2,131
ZNF296,130
ECM1,130
OS9,130
BLOC1S3,130
DDX60L,130
LTB,130
CCL2,130
GRB14,130
DNMT3A,129
SFT2D3,129
QTRT1,129
ZNF324B,129
ZNRF1,129
ALS2CL,128
PRKD1,128
PHRF1,128
ROCK2,128
ADAMTS10,128
BABAM1,127
SPRED3,127
DYNC2LI1,127
NOTCH4,127
ALKBH3,126
SMIM13,126
TMEM123,126
DNALI1,126
GSS,125
ABCA5,125
FAIM,124
TNXB,123
ABHD2,123
C1orf54,122
SMARCC1,122
RSPO3,121
VWF,121
STAC3,121
QPCT,120
SLC26A6,120
MYH11,119
EGR1,118
NUCB1,117
MMP11,115
TMEM38A,115
PEX6,114
SMUG1,114
OASL,114
PMAIP1,113
ZNF581,113
HECW1,112
DHODH,104
CDKN1A,-1
TP53,-1
