Gene,Num_Descendants,Edges_Found
TP53,1364,0
PVT1,387,0
CSDE1,321,0
PROX1,160,0
NME6,295,0
ARPC2,305,0
LPIN3,144,0
MLH3,137,0
TMEM222,153,0
PRPH2,144,0
CALCOCO1,187,0
BAG6,171,0
GTF3A,256,0
SMUG1,114,0
MNT,283,0
SPRED3,127,0
PCMTD2,143,0
ARG2,164,0
SMAD3,226,0
QTRT1,128,0
ATP6V0E2,155,0
KDELR2,209,0
SLC2A6,151,0
BABAM1,126,0
GSTO2,161,0
ECM1,130,0
CPNE5,158,0
DYNC2LI1,127,0
DNALI1,125,0
PDLIM7,149,0
C18ORF32,135,0
HINT3,162,0
HMGCR,310,0
SEC61A2,178,0
ROCK2,127,0
LAG3,132,0
TMED10,164,0
GNAS,215,0
PVR,174,0
ACAD11,221,0
MICALL2,139,0
STK38,140,0
GPR162,155,0
TRAF3IP2,188,0
GSTM2,144,0
ABCA5,124,0
ZDHHC18,135,0
TTBK2,139,0
C1ORF54,122,0
TIMM9,178,0
NUDT3,160,0
OMA1,207,0
SLC2A11,137,0
PHRF1,128,0
SNX13,130,0
DTYMK,200,0
REXO4,167,0
MALAT1,173,0
WDR47,131,0
DET1,194,0
PLBD2,136,0
CDKN1A,469,0
RAB3A,148,0
MANEA,209,0
NFKBIL1,138,0
TSLP,143,0
ARNT,227,0
ACCS,160,0
KDM6B,153,0
CARD8,145,0
GSTO1,171,0
TAOK1,199,0
NR2C1,178,0
MAP3K6,138,0
CX3CL1,158,0
ZNF581,112,0
PLXNB1,141,0
RAB5B,147,0
PA2G4,233,0
TRIP12,252,0
TMUB1,202,0
COASY,134,0
QRICH2,189,0
ECE1,141,0
CDKN2B,203,0
ZNF229,173,0
APH1A,-1,-1
ATXN7L2,144,0
CTNND1,172,0
EGR1,118,0
TRIB1,157,0
TMEM38A,115,0
HAPLN3,169,0
ITGA1,154,0
MEGF9,159,0
SFT2D3,129,0
OS9,129,0
PLEKHH3,176,0
RAB1A,181,0
GRB14,130,0
ZNF785,157,0
OTUD7B,147,0
TLR4,-1,-1
ACTG1,180,0
MGA,163,0
STAC3,121,0
NOS3,175,0
CYB561D1,158,0
ADAMTS10,128,0
MIER3,151,0
RAP1A,137,0
BMPER,169,0
SETD3,136,0
DOCK9,155,0
UQCRC1,149,0
PEX6,114,0
EZR,163,0
MIR762HG,155,0
COLGALT1,177,0
PSMD5,146,0
TNXB,123,0
FYCO1,148,0
IFI30,199,0
P2RX7,171,0
HEATR5B,182,0
ZNF324B,129,0
REST,179,0
AGAP2,142,0
ARL4A,173,0
PRKAR1A,187,0
TTC32,132,0
KMT2D,176,0
RPL7L1,214,0
AGPAT1,182,0
ITGB4,132,0
DNMT3A,129,0
AMT,191,0
POGZ,163,0
PECR,169,0
SEC11C,147,0
SELE,150,0
EDEM2,153,0
AKAP12,147,0
VPS11,197,0
IQGAP1,223,0
DMRTA1,155,0
ABHD17C,168,0
MRPL34,172,0
RASIP1,264,0
TMEM115,147,0
ARHGAP26,140,0
PLPP3,137,0
PDP1,154,0
ENSA,165,0
ZNF22,163,0
HSPA13,144,0
RGS12,172,0
POLG,147,0
CLIC1,169,0
B3GNT8,184,0
TNFRSF1B,178,0
MAP1LC3B2,138,0
RNFT1,173,0
THADA,140,0
FAIM,124,0
MT1F,158,0
TRPC4AP,200,0
MESP1,154,0
KLHL7,190,0
XPO7,356,0
TRA2A,143,0
PDLIM2,137,0
SOX4,159,0
MYEOV,148,0
CCDC36,141,0
SMARCC1,121,0
TNS2,144,0
PLEKHA5,135,0
LTN1,149,0
NEAT1,143,0
SH3RF1,161,0
ZNF764,201,0
PDCD6,136,0
PHF19,165,0
RAD50,134,0
CDH13,137,0
LSP1,165,0
RAP1GDS1,153,0
NCEH1,162,0
SNAPC5,143,0
THBD,142,0
GPSM3,158,0
NUB1,145,0
HIF1A,146,0
GLI2,131,0
SHISA4,175,0
MYH11,119,0
PHLDA3,152,0
EVL,143,0
TBCEL,157,0
ZNF281,246,0
FLII,148,0
MUS81,164,0
ADAMTS7,132,0
TTLL11,145,0
EHMT2,193,0
DHODH,104,0
KCTD9,153,0
LMAN1,-1,-1
NUCB1,116,0
TRAF6,141,0
PRR14,139,0
NFKB2,182,0
LAPTM4A,159,0
DGKA,149,0
SLC26A6,120,0
RBFOX2,174,0
CLDN1,166,0
INPP5D,151,0
UBA5,196,0
IGFBP2,139,0
VAMP8,144,0
S100A10,141,0
CEP41,198,0
REPIN1,164,0
NUFIP2,243,0
DKK1,140,0
NUDT1,158,0
ZSCAN29,131,0
FYN,153,0
TNFRSF14,147,0
RAB13,146,0
NDUFAF1,154,0
PAK2,164,0
IFI27L2,165,0
ST3GAL4,156,0
NOTCH4,126,0
SOCS5,150,0
CYTH3,134,0
NCOA5,226,0
OASL,114,0
MRPL3,164,0
TMEM184C,150,0
SVIL,153,0
IBTK,137,0
CYP2J2,148,0
P4HA2,133,0
GSS,124,0
ZNF774,164,0
FAM126A,137,0
DDX60L,130,0
ABCG4,152,0
HHAT,147,0
CHUK,228,0
RNF146,159,0
ZNF827,204,0
SCARB1,155,0
MMP11,115,0
KIF3A,161,0
TRIM68,176,0
UBE2D1,163,0
SIX2,172,0
HECW1,112,0
RWDD2B,142,0
MOCS2,151,0
SLC46A3,137,0
AGAP3,148,0
USP25,131,0
DMXL1,171,0
YES1,154,0
VPS45,155,0
PLTP,135,0
IFIT1,150,0
AP1G1,152,0
TNFSF10,159,0
POLR2M,140,0
CCRL2,172,0
AAGAB,210,0
TMEM123,125,0
OPTN,153,0
RAPGEF3,157,0
PRKD1,128,0
POLG2,210,0
KALRN,166,0
ABHD16A,179,0
MAST3,159,0
PMVK,132,0
LIPG,152,0
DCUN1D5,151,0
NT5C3B,141,0
YLPM1,394,0
AGTRAP,148,0
ACOT8,146,0
ZNRF1,128,0
IRF1,157,0
COG2,149,0
CCL2,129,0
TMEM9,176,0
TSFM,143,0
CREB1,-1,-1
LTB,130,0
CD40,-1,-1
QPCT,119,0
BOLA1,148,0
DAP,144,0
GCOM1,163,0
BLOC1S3,130,0
MTPAP,227,0
GABARAPL2,137,0
KPNA2,192,0
TMEM167B,170,0
AGPAT4,156,0
DGCR6L,134,0
TRIM47,159,0
DHCR24,150,0
ZNF235,138,0
PMAIP1,112,0
ABHD2,123,0
NRP1,130,0
ALKBH3,126,0
MT1E,132,0
MLEC,181,0
PPP3CC,158,0
ZSWIM3,253,0
CDCA2,145,0
FLI1,194,0
SMARCB1,-1,-1
EMP2,162,0
CUL9,138,0
SMIM13,126,0
TYRO3,175,0
UIMC1,154,0
INPP5B,160,0
VWF,121,0
FZD6,143,0
IRF3,141,0
DHTKD1,228,0
UHRF1BP1,164,0
MFSD4B,156,0
GSTM4,154,0
SLC22A4,144,0
UGGT1,170,0
SMARCAD1,182,0
ALS2CL,128,0
NDUFA8,172,0
RSPO3,121,0
AGER,162,0
CNPY3,174,0
SMARCD2,187,0
ZNF296,130,0
SBF2,168,0
ACSS2,137,0
IST1,173,0
STAT5A,171,0
NUDT18,159,0
PARP12,-1,-1
FGD6,150,0
TRAPPC6A,146,0
