source,target,stmt_type,belief,evidence_count,logfoldchange,pval
TP53,LDHA,DecreaseAmount,0.65,1,0.53631085,2.6672234268928784e-12
TP53,LDHA,DecreaseAmount,0.949271,5,0.53631085,2.6672234268928784e-12
TP53,LDHA,IncreaseAmount,0.923,3,0.53631085,2.6672234268928784e-12
TP53,STMN1,DecreaseAmount,0.9929908146,9,1.2861325,5.934856634629485e-30
TP53,STMN1,IncreaseAmount,0.94757,5,1.2861325,5.934856634629485e-30
TP53,STMN1,DecreaseAmount,0.65,1,1.2861325,5.934856634629485e-30
TP53,STMN1,IncreaseAmount,0.9499940951,5,1.2861325,5.934856634629485e-30
TP53,RFC3,IncreaseAmount,0.65,1,1.9270763,0.001621345652377
TP53,PARP1,IncreaseAmount,0.65,1,0.5875672,5.0189032954246934e-08
TP53,PARP1,DecreaseAmount,0.8775000000000001,2,0.5875672,5.0189032954246934e-08
TP53,PARP1,IncreaseAmount,0.993577325,6,0.5875672,5.0189032954246934e-08
TP53,TRMT112,DecreaseAmount,0.79,1,0.23949456,0.0021977994047169
TP53,CD55,IncreaseAmount,0.65,1,0.1304181,0.0417798919076165
TP53,IKBIP,DecreaseAmount,0.65,1,0.31589723,0.0326274573403677
TP53,TRIML2,DecreaseAmount,0.65,1,-0.8041239,0.0006001689995843
TP53,CTCF,DecreaseAmount,0.65,1,0.42763147,0.0353713629626343
TP53,GTSE1,IncreaseAmount,0.65,1,2.0382009,2.203634185796461e-07
TP53,GTSE1,IncreaseAmount,0.86,1,2.0382009,2.203634185796461e-07
TP53,FBXO5,IncreaseAmount,0.86,2,1.6836356,0.0017822757641099
TP53,SLC38A1,IncreaseAmount,0.65,1,0.5420944,8.01670632668126e-05
TP53,KRAS,IncreaseAmount,0.65,1,0.33623642,0.045183852910395
TP53,KRAS,IncreaseAmount,0.951,2,0.33623642,0.045183852910395
TP53,KPNA2,DecreaseAmount,0.65,1,0.88222027,1.3953657317020426e-06
TP53,KIF2C,DecreaseAmount,0.65,1,2.323312,9.815103879123971e-05
TP53,KIF2C,DecreaseAmount,0.65,1,2.323312,9.815103879123971e-05
TP53,KIF2C,IncreaseAmount,0.65,1,2.323312,9.815103879123971e-05
TP53,KIF2C,DecreaseAmount,0.98224485,5,2.323312,9.815103879123971e-05
TP53,KIF2C,IncreaseAmount,0.9926598,6,2.323312,9.815103879123971e-05
TP53,KIF23,DecreaseAmount,0.65,1,1.4792724,0.002958879905275
TP53,KIF23,IncreaseAmount,0.65,1,1.4792724,0.002958879905275
TP53,KIF23,DecreaseAmount,0.9970949691232779,15,1.4792724,0.002958879905275
TP53,KIFC1,DecreaseAmount,0.65,1,1.8226825,0.0303823488214837
TP53,JUN,IncreaseAmount,0.9971531,7,0.27408835,0.024259414586987
TP53,APP,DecreaseAmount,0.65,1,-0.39417517,1.1305324544749106e-06
TP53,APP,DecreaseAmount,0.9419,3,-0.39417517,1.1305324544749106e-06
TP53,JAK1,IncreaseAmount,0.65,1,-0.2994895,0.000400408136228
TP53,ITGB1,IncreaseAmount,0.65,1,-0.24418263,1.8139278677063138e-07
TP53,ITGAV,DecreaseAmount,0.65,1,-0.61756873,0.0053358907137387
TP53,ITGA5,IncreaseAmount,0.65,1,-0.24872036,0.0032015593588588
TP53,BCL2L1,IncreaseAmount,0.9419,4,-0.44922483,0.0063039370570241
TP53,BCL2L1,IncreaseAmount,0.9995764849956491,9,-0.44922483,0.0063039370570241
TP53,BCL2L1,DecreaseAmount,0.923,3,-0.44922483,0.0063039370570241
TP53,BCL2L1,IncreaseAmount,0.86,2,-0.44922483,0.0063039370570241
TP53,BCL2L1,DecreaseAmount,0.99939492855071,9,-0.44922483,0.0063039370570241
TP53,RBBP7,IncreaseAmount,0.65,1,0.6568265,2.0264731169976467e-06
TP53,PRR11,DecreaseAmount,0.65,1,1.4379927,2.4218550946829246e-09
TP53,PRR11,IncreaseAmount,0.65,1,1.4379927,2.4218550946829246e-09
TP53,HJURP,DecreaseAmount,0.65,1,1.8335314,0.0444969956134322
TP53,CTNND1,IncreaseAmount,0.65,1,-0.29343802,0.0201220199992325
TP53,CCN2,DecreaseAmount,0.86,2,-0.65215087,3.648299623862529e-08
TP53,CCN2,IncreaseAmount,0.9961331601,10,-0.65215087,3.648299623862529e-08
TP53,ACTA2,DecreaseAmount,0.65,1,-1.1110529,0.0007063255214309
TP53,ACTA2,IncreaseAmount,0.65,1,-1.1110529,0.0007063255214309
TP53,YWHAE,DecreaseAmount,0.65,1,0.23996605,2.5202144172600913e-06
TP53,XRCC5,IncreaseAmount,0.9804,4,0.31224424,8.409127253884459e-05
TP53,XPO1,DecreaseAmount,0.65,1,0.30603603,0.0483671662106791
TP53,XPO1,DecreaseAmount,0.9942327,5,0.30603603,0.0483671662106791
TP53,XPO1,IncreaseAmount,0.65,1,0.30603603,0.0483671662106791
TP53,XPC,IncreaseAmount,0.65,1,-0.4272891,0.004459182521676
TP53,XPC,DecreaseAmount,0.923,3,-0.4272891,0.004459182521676
TP53,XPC,IncreaseAmount,0.9961499877237129,15,-0.4272891,0.004459182521676
TP53,XBP1,DecreaseAmount,0.951,3,0.4105702,0.01149030617182
TP53,WRN,DecreaseAmount,0.99153,4,0.5845284,0.0042168076504916
TP53,IRF2,DecreaseAmount,0.65,1,0.48040447,0.0174235699850585
TP53,ILF3,DecreaseAmount,0.65,1,0.40276846,3.10493320583183e-05
TP53,BIRC5,DecreaseAmount,0.941,1,1.7007489,9.517375413845305e-14
TP53,BIRC5,IncreaseAmount,0.65,1,1.7007489,9.517375413845305e-14
TP53,BIRC5,DecreaseAmount,0.65,1,1.7007489,9.517375413845305e-14
TP53,BIRC5,DecreaseAmount,0.94757,5,1.7007489,9.517375413845305e-14
TP53,BIRC5,IncreaseAmount,0.9998074911337201,25,1.7007489,9.517375413845305e-14
TP53,BIRC5,DecreaseAmount,0.999983753709555,69,1.7007489,9.517375413845305e-14
TP53,RAB13,DecreaseAmount,0.65,1,-0.23519318,0.0037582232041826
TP53,PTTG1,IncreaseAmount,0.999192578,8,1.6184924,3.991812180207006e-22
TP53,PTTG1,DecreaseAmount,0.9995759442833,12,1.6184924,3.991812180207006e-22
TP53,PTPRF,IncreaseAmount,0.65,1,-0.38855243,0.0298180765323662
TP53,RSL1D1,DecreaseAmount,0.86,1,0.47033715,7.1034301344127235e-06
TP53,RSL1D1,DecreaseAmount,0.65,1,0.47033715,7.1034301344127235e-06
TP53,CSE1L,IncreaseAmount,0.86,1,0.6991221,1.4448172400226223e-06
TP53,CSE1L,IncreaseAmount,0.65,1,0.6991221,1.4448172400226223e-06
TP53,LUC7L3,DecreaseAmount,0.79,1,0.33409828,0.0034247538700367
TP53,NUDCD1,DecreaseAmount,0.79,1,0.34575534,0.0368222660284861
TP53,VRK1,DecreaseAmount,0.86,2,1.3629267,0.0013515684760044
TP53,VRK1,DecreaseAmount,0.923,1,1.3629267,0.0013515684760044
TP53,VRK1,IncreaseAmount,0.86,2,1.3629267,0.0013515684760044
TP53,VIM,DecreaseAmount,0.65,1,-0.17294872,1.551369416105694e-14
TP53,VIM,IncreaseAmount,0.97305,4,-0.17294872,1.551369416105694e-14
TP53,VIM,DecreaseAmount,0.99289794,7,-0.17294872,1.551369416105694e-14
TP53,EZR,IncreaseAmount,0.65,1,0.26048437,0.0043184040121063
TP53,VDAC2,IncreaseAmount,0.86,2,0.23218097,0.0068200450572843
TP53,VDAC1,IncreaseAmount,0.65,1,0.16374262,0.03439378486579
TP53,USP22,DecreaseAmount,0.923,3,0.30517954,0.0192654863371394
TP53,USP10,DecreaseAmount,0.65,1,0.41227704,0.0446891380765177
TP53,USP10,DecreaseAmount,0.923,1,0.41227704,0.0446891380765177
TP53,USP10,DecreaseAmount,0.65,1,0.41227704,0.0446891380765177
TP53,UCP2,IncreaseAmount,0.923,3,-1.4306511,0.0001518528530343
TP53,UCP2,DecreaseAmount,0.65,1,-1.4306511,0.0001518528530343
TP53,UCP2,IncreaseAmount,0.94757,2,-1.4306511,0.0001518528530343
TP53,IGFBP7,DecreaseAmount,0.65,1,-0.4631852,1.9059807669895807e-08
TP53,IGFBP7,IncreaseAmount,0.982423455,4,-0.4631852,1.9059807669895807e-08
TP53,IGFBP7,IncreaseAmount,0.9419,4,-0.4631852,1.9059807669895807e-08
TP53,ANXA4,DecreaseAmount,0.65,1,-0.30320075,0.0452675068371548
TP53,ANXA4,IncreaseAmount,0.979665,5,-0.30320075,0.0452675068371548
TP53,IFITM3,IncreaseAmount,0.98249981399565,12,-0.11445892,0.020819138039044
TP53,IFITM3,DecreaseAmount,0.923,2,-0.11445892,0.020819138039044
TP53,IFITM3,DecreaseAmount,0.65,1,-0.11445892,0.020819138039044
TP53,IFITM3,IncreaseAmount,0.65,1,-0.11445892,0.020819138039044
TP53,IFI27,DecreaseAmount,0.65,1,-0.457836,6.044784531735185e-15
TP53,PTMA,DecreaseAmount,0.65,1,0.38887814,7.272669620831485e-35
TP53,BAX,DecreaseAmount,0.65,1,-0.7665455,3.2920565205639297e-17
TP53,BAX,IncreaseAmount,0.9998747499,6,-0.7665455,3.2920565205639297e-17
TP53,BAX,IncreaseAmount,0.65,1,-0.7665455,3.2920565205639297e-17
TP53,BAX,IncreaseAmount,0.9985999999954125,2,-0.7665455,3.2920565205639297e-17
TP53,BAX,DecreaseAmount,0.65,1,-0.7665455,3.2920565205639297e-17
TP53,BAX,IncreaseAmount,0.86,1,-0.7665455,3.2920565205639297e-17
TP53,BAX,IncreaseAmount,0.65,1,-0.7665455,3.2920565205639297e-17
TP53,BAX,IncreaseAmount,0.989999999967232,15,-0.7665455,3.2920565205639297e-17
TP53,BAX,DecreaseAmount,0.949271,5,-0.7665455,3.2920565205639297e-17
TP53,BAX,IncreaseAmount,0.9419,3,-0.7665455,3.2920565205639297e-17
TP53,BAX,IncreaseAmount,0.65,1,-0.7665455,3.2920565205639297e-17
TP53,BAX,DecreaseAmount,0.9974999999941887,56,-0.7665455,3.2920565205639297e-17
TP53,BAX,IncreaseAmount,0.9994999999983616,25,-0.7665455,3.2920565205639297e-17
TP53,BAX,IncreaseAmount,0.9999999999999206,334,-0.7665455,3.2920565205639297e-17
TP53,PSME2,DecreaseAmount,0.95,2,0.22250257,0.027460557066423
TP53,RBM25,IncreaseAmount,0.65,1,0.37106845,9.492131783894782e-05
TP53,RBM25,DecreaseAmount,0.86,2,0.37106845,9.492131783894782e-05
TP53,TM7SF3,DecreaseAmount,0.65,1,-0.4198014,0.0140141301473579
TP53,TM7SF3,IncreaseAmount,0.951,3,-0.4198014,0.0140141301473579
TP53,CPD,IncreaseAmount,0.65,1,-0.51792026,0.0004293422749036
TP53,DEPDC1,DecreaseAmount,0.65,1,1.9112662,0.0021727436570704
TP53,UBE2N,IncreaseAmount,0.65,1,0.28375864,0.0228083689181363
TP53,TYMS,DecreaseAmount,0.9615,2,0.92146397,0.0002338161671787
TP53,TXNRD1,IncreaseAmount,0.65,1,0.26581016,0.001459078565565
TP53,TXN,IncreaseAmount,0.9497812999999999,6,0.09166251,0.0053158322644372
TP53,TXN,DecreaseAmount,0.86,2,0.09166251,0.0053158322644372
TP53,TXN,IncreaseAmount,0.65,1,0.09166251,0.0053158322644372
TP53,C1QBP,IncreaseAmount,0.65,1,0.30268317,2.5106006827195805e-05
TP53,TTK,IncreaseAmount,0.65,1,1.7222838,0.0310147681553163
TP53,TTK,DecreaseAmount,0.8775000000000001,2,1.7222838,0.0310147681553163
TP53,TPT1,DecreaseAmount,0.65,1,-0.059045527,0.0056842035963894
TP53,TPT1,DecreaseAmount,0.9824999832596085,14,-0.059045527,0.0056842035963894
TP53,TPT1,IncreaseAmount,0.923,3,-0.059045527,0.0056842035963894
TP53,ICMT,DecreaseAmount,0.65,1,0.55337596,0.0368887980214672
TP53,ICAM2,DecreaseAmount,0.65,1,-0.3808852,5.4880998386393554e-05
TP53,ICAM2,DecreaseAmount,0.86,1,-0.3808852,5.4880998386393554e-05
TP53,ICAM2,IncreaseAmount,0.923,3,-0.3808852,5.4880998386393554e-05
TP53,HSPG2,IncreaseAmount,0.65,1,-0.6751594,1.218183774695259e-15
TP53,HSPD1,IncreaseAmount,0.65,1,0.40282354,2.770375268735905e-11
TP53,HSP90AB1,IncreaseAmount,0.65,1,0.1834544,2.496656280438644e-06
TP53,HSP90AB1,DecreaseAmount,0.9615,2,0.1834544,2.496656280438644e-06
TP53,HSPA9,IncreaseAmount,0.86,2,0.46194646,0.0003376788648504
TP53,HSPA8,DecreaseAmount,0.65,1,0.08742024,0.0375732920485238
TP53,HSPA8,IncreaseAmount,0.65,1,0.08742024,0.0375732920485238
TP53,LGMN,IncreaseAmount,0.65,1,-0.40741485,0.0420024154417552
TP53,PRKDC,DecreaseAmount,0.65,1,0.42298636,2.4397192014030785e-08
TP53,PRKDC,DecreaseAmount,0.86,1,0.42298636,2.4397192014030785e-08
TP53,SRGN,IncreaseAmount,0.65,1,-0.31130052,1.2200524587804494e-07
TP53,PRDX5,DecreaseAmount,0.79,1,-0.18415354,0.0066630971603041
TP53,PRC1,DecreaseAmount,0.65,1,1.9225626,4.738223367137118e-15
TP53,PRC1,IncreaseAmount,0.8775000000000001,2,1.9225626,4.738223367137118e-15
TP53,PRC1,DecreaseAmount,0.999680324205947,13,1.9225626,4.738223367137118e-15
TP53,COL4A1,IncreaseAmount,0.9804,4,-0.453504,1.1195919516948522e-05
TP53,VKORC1L1,IncreaseAmount,0.65,1,0.48635593,0.0025495899348836
TP53,ANKRD11,IncreaseAmount,0.941,1,0.46221793,1.1183918603164825e-07
TP53,ANKRD11,DecreaseAmount,0.65,1,0.46221793,1.1183918603164825e-07
TP53,ATG3,IncreaseAmount,0.65,1,0.4579857,0.0038089648518067
TP53,CLTC,DecreaseAmount,0.86,2,-0.24118099,0.0209507784923926
TP53,CLOCK,IncreaseAmount,0.65,1,0.5986918,0.017037610295702
TP53,CLOCK,DecreaseAmount,0.923,3,0.5986918,0.017037610295702
TP53,HNRNPK,IncreaseAmount,0.65,1,0.1703249,0.0109410952207212
TP53,HNRNPK,IncreaseAmount,0.923,2,0.1703249,0.0109410952207212
TP53,HNRNPA2B1,IncreaseAmount,0.65,1,0.49665388,3.4290316026019072e-12
TP53,HNRNPA2B1,DecreaseAmount,0.65,1,0.49665388,3.4290316026019072e-12
TP53,HNRNPA0,DecreaseAmount,0.95,2,0.45899087,0.0033343267248342
TP53,HMMR,IncreaseAmount,0.65,1,1.9903723,6.294091884640474e-06
TP53,HMMR,DecreaseAmount,0.98224485,7,1.9903723,6.294091884640474e-06
TP53,HMGB2,DecreaseAmount,0.923,3,1.8423183,3.861241504951152e-21
TP53,HMGB2,IncreaseAmount,0.86,2,1.8423183,3.861241504951152e-21
TP53,HMGB1,DecreaseAmount,0.98922,5,0.7372711,5.5779169920002644e-39
TP53,HMGB1,IncreaseAmount,0.9497812999999999,7,0.7372711,5.5779169920002644e-39
TP53,HLA-A,DecreaseAmount,0.65,1,-0.12616426,0.0464062059080467
TP53,HLA-A,IncreaseAmount,0.65,1,-0.12616426,0.0464062059080467
TP53,HDGF,DecreaseAmount,0.9926598,7,0.3564033,0.0016464128270625
TP53,PPIB,DecreaseAmount,0.65,1,-0.17066424,0.0005794606559511
TP53,PPIA,IncreaseAmount,0.65,1,0.11900934,0.0009422515020967
TP53,PNN,IncreaseAmount,0.65,1,0.5861537,7.733761328401862e-06
TP53,PMAIP1,IncreaseAmount,0.987599,2,0.70463485,0.0044709767486216
TP53,PMAIP1,DecreaseAmount,0.86,2,0.70463485,0.0044709767486216
TP53,PMAIP1,IncreaseAmount,0.65,1,0.70463485,0.0044709767486216
TP53,PMAIP1,IncreaseAmount,0.65,1,0.70463485,0.0044709767486216
TP53,PMAIP1,DecreaseAmount,0.9961331601,8,0.70463485,0.0044709767486216
TP53,PMAIP1,IncreaseAmount,0.923,2,0.70463485,0.0044709767486216
TP53,PMAIP1,IncreaseAmount,0.999999298165405,58,0.70463485,0.0044709767486216
TP53,PLK1,DecreaseAmount,0.65,1,1.542072,0.0225393341547604
TP53,PLK1,IncreaseAmount,0.86,2,1.542072,0.0225393341547604
TP53,PLK1,DecreaseAmount,0.65,1,1.542072,0.0225393341547604
TP53,PLK1,IncreaseAmount,0.949271,4,1.542072,0.0225393341547604
TP53,PLK1,DecreaseAmount,0.99746355,36,1.542072,0.0225393341547604
TP53,PLK1,DecreaseAmount,0.65,1,1.542072,0.0225393341547604
TP53,PLAT,DecreaseAmount,0.8775000000000001,2,-0.3725512,4.198673673604865e-05
TP53,CKS2,IncreaseAmount,0.65,1,1.168087,3.9955282196649674e-11
TP53,CKS2,DecreaseAmount,0.98922,5,1.168087,3.9955282196649674e-11
TP53,CYCS,DecreaseAmount,0.86,2,0.54931784,1.1312772673445543e-09
TP53,CYCS,IncreaseAmount,0.65,1,0.54931784,1.1312772673445543e-09
TP53,CYCS,IncreaseAmount,0.9499999999968619,21,0.54931784,1.1312772673445543e-09
TP53,CKAP2,IncreaseAmount,0.65,1,0.6578836,0.0109833636185775
TP53,PLK2,IncreaseAmount,0.65,1,-0.8090967,1.8288674275055618e-12
TP53,PLK2,IncreaseAmount,0.65,1,-0.8090967,1.8288674275055618e-12
TP53,PLK2,IncreaseAmount,0.9419,2,-0.8090967,1.8288674275055618e-12
TP53,HDAC2,DecreaseAmount,0.65,1,0.37663847,0.0016079582148563
TP53,GRN,IncreaseAmount,0.65,1,-0.43358615,0.0005224439624877
TP53,GNAI2,DecreaseAmount,0.79,1,-0.18242152,0.0161667027736218
TP53,PHLDA3,IncreaseAmount,0.65,1,-1.0110936,1.5542330443073967e-05
TP53,PHLDA3,DecreaseAmount,0.65,1,-1.0110936,1.5542330443073967e-05
TP53,PHGDH,DecreaseAmount,0.9497812999999999,7,1.2341571,5.533634594425749e-07
TP53,PGP,IncreaseAmount,0.923,1,0.7339372,1.0352180726481657e-06
TP53,PGP,IncreaseAmount,0.86,2,0.7339372,1.0352180726481657e-06
TP53,TP53I3,IncreaseAmount,0.998376,1,-0.6975582,0.0026696446935102
TP53,TP53I3,IncreaseAmount,0.99594,1,-0.6975582,0.0026696446935102
TP53,TP53I3,IncreaseAmount,0.9884,4,-0.6975582,0.0026696446935102
TP53,TP53I3,DecreaseAmount,0.951,3,-0.6975582,0.0026696446935102
TP53,TP53I3,IncreaseAmount,0.999999382944619,11,-0.6975582,0.0026696446935102
TP53,CHEK1,DecreaseAmount,0.9996804386785352,16,0.8111619,0.0263333635078582
TP53,CHEK1,IncreaseAmount,0.979665,5,0.8111619,0.0263333635078582
TP53,AATF,IncreaseAmount,0.65,1,0.64501095,0.0171147838116944
TP53,CHAF1A,DecreaseAmount,0.65,1,2.2157657,0.000267788358177
TP53,CKS1B,IncreaseAmount,0.65,1,1.6349658,5.850047181956473e-16
TP53,CKS1B,IncreaseAmount,0.8775000000000001,1,1.6349658,5.850047181956473e-16
TP53,CKS1B,DecreaseAmount,0.923,3,1.6349658,5.850047181956473e-16
TP53,CES2,IncreaseAmount,0.94757,5,-0.64034134,0.0334009161264048
TP53,GAPDH,IncreaseAmount,0.982423455,8,0.06696885,0.0129897905323339
TP53,GADD45A,IncreaseAmount,0.941,1,-0.4606547,0.0422558204552754
TP53,GADD45A,DecreaseAmount,0.999644897,9,-0.4606547,0.0422558204552754
TP53,GADD45A,IncreaseAmount,0.9419,4,-0.4606547,0.0422558204552754
TP53,GADD45A,IncreaseAmount,0.999999670064625,47,-0.4606547,0.0422558204552754
TP53,TOP2A,DecreaseAmount,0.9497812999999999,7,2.046451,5.593326591556468e-13
TP53,TNFRSF10D,IncreaseAmount,0.65,1,-0.4926728,0.0156029490909746
TP53,TNFRSF10D,IncreaseAmount,0.65,1,-0.4926728,0.0156029490909746
TP53,TNFRSF10D,IncreaseAmount,0.987799,3,-0.4926728,0.0156029490909746
TP53,TNFRSF10B,DecreaseAmount,0.65,1,-0.44505677,0.0103649614210969
TP53,TNFRSF10B,IncreaseAmount,0.99863589,3,-0.44505677,0.0103649614210969
TP53,TNFRSF10B,DecreaseAmount,0.9816495,5,-0.44505677,0.0103649614210969
TP53,TNFRSF10B,IncreaseAmount,0.65,1,-0.44505677,0.0103649614210969
TP53,TNFRSF10B,IncreaseAmount,0.86,1,-0.44505677,0.0103649614210969
TP53,TNFRSF10B,IncreaseAmount,0.9999999971114971,57,-0.44505677,0.0103649614210969
TP53,AHSA1,IncreaseAmount,0.86,2,0.41515166,0.0112461135813948
TP53,AHSA1,DecreaseAmount,0.65,1,0.41515166,0.0112461135813948
TP53,TMSB4X,IncreaseAmount,0.65,1,-0.30365926,7.47049450651928e-17
TP53,TIGAR,IncreaseAmount,0.941,1,-0.73396367,0.0010832756159258
TP53,TIGAR,IncreaseAmount,0.65,1,-0.73396367,0.0010832756159258
TP53,TIGAR,DecreaseAmount,0.65,1,-0.73396367,0.0010832756159258
TP53,TIGAR,DecreaseAmount,0.65,1,-0.73396367,0.0010832756159258
TP53,TIGAR,DecreaseAmount,0.9970949999249695,19,-0.73396367,0.0010832756159258
TP53,TIGAR,IncreaseAmount,0.86,2,-0.73396367,0.0010832756159258
TP53,TIGAR,IncreaseAmount,0.9999874024675,66,-0.73396367,0.0010832756159258
TP53,THBS1,DecreaseAmount,0.65,1,-0.86001855,1.09895192047361e-06
TP53,THBS1,IncreaseAmount,0.99351,2,-0.86001855,1.09895192047361e-06
TP53,PDCD4,DecreaseAmount,0.65,1,-0.43162024,0.0361064735222571
TP53,PCNA,DecreaseAmount,0.65,1,0.7841587,0.0006385676077867
TP53,PCNA,IncreaseAmount,0.86,2,0.7841587,0.0006385676077867
TP53,PCNA,IncreaseAmount,0.65,1,0.7841587,0.0006385676077867
TP53,PCNA,DecreaseAmount,0.982497933285,10,0.7841587,0.0006385676077867
TP53,PCNA,IncreaseAmount,0.9998135708714989,20,0.7841587,0.0006385676077867
TP53,PAICS,IncreaseAmount,0.65,1,0.52247685,0.0002928630393876
TP53,PAICS,IncreaseAmount,0.86,1,0.52247685,0.0002928630393876
TP53,SERPINE1,DecreaseAmount,0.86,2,-0.40745935,3.484367114083835e-09
TP53,SERPINE1,IncreaseAmount,0.65,1,-0.40745935,3.484367114083835e-09
TP53,SERPINE1,DecreaseAmount,0.982423455,6,-0.40745935,3.484367114083835e-09
TP53,SERPINE1,IncreaseAmount,0.99981600888325,39,-0.40745935,3.484367114083835e-09
TP53,CENPA,DecreaseAmount,0.86,2,1.6164039,0.0019558284809339
TP53,RPS27L,IncreaseAmount,0.65,1,-1.0066704,3.4315723838186503e-40
TP53,RPS27L,DecreaseAmount,0.9706,3,-1.0066704,3.4315723838186503e-40
TP53,RPS27L,IncreaseAmount,0.9943405,4,-1.0066704,3.4315723838186503e-40
TP53,CEBPB,DecreaseAmount,0.65,1,0.42326978,0.0237662138221944
TP53,CEBPB,IncreaseAmount,0.65,1,0.42326978,0.0237662138221944
TP53,CEBPB,IncreaseAmount,0.94757,4,0.42326978,0.0237662138221944
TP53,KHDRBS1,IncreaseAmount,0.65,1,0.3608642,4.690008042487256e-06
TP53,KHDRBS1,DecreaseAmount,0.65,1,0.3608642,4.690008042487256e-06
TP53,TP53INP1,DecreaseAmount,0.65,1,-1.0480103,0.009632554208212
TP53,TP53INP1,IncreaseAmount,0.65,1,-1.0480103,0.009632554208212
TP53,TP53INP1,DecreaseAmount,0.98922,4,-1.0480103,0.009632554208212
TP53,TP53INP1,IncreaseAmount,0.9963249964845178,15,-1.0480103,0.009632554208212
TP53,FOXM1,IncreaseAmount,0.65,1,1.7786158,9.598379167772748e-05
TP53,FOXM1,IncreaseAmount,0.65,1,1.7786158,9.598379167772748e-05
TP53,FOXM1,DecreaseAmount,0.65,1,1.7786158,9.598379167772748e-05
TP53,FOXM1,IncreaseAmount,0.65,1,1.7786158,9.598379167772748e-05
TP53,FOXM1,DecreaseAmount,0.94757,5,1.7786158,9.598379167772748e-05
TP53,FOXM1,IncreaseAmount,0.94993439,6,1.7786158,9.598379167772748e-05
TP53,FOXM1,DecreaseAmount,0.99923,46,1.7786158,9.598379167772748e-05
TP53,FOXM1,IncreaseAmount,0.9824999998644028,10,1.7786158,9.598379167772748e-05
TP53,FNTA,IncreaseAmount,0.941,1,0.41752157,0.0025271980514714
TP53,FN1,IncreaseAmount,0.97305,4,-0.8264619,3.8659446965525104e-15
TP53,FN1,DecreaseAmount,0.98224485,7,-0.8264619,3.8659446965525104e-15
TP53,FHL2,IncreaseAmount,0.65,1,-0.30038086,0.0078672954185689
TP53,FHL2,IncreaseAmount,0.9972510951,9,-0.30038086,0.0078672954185689
TP53,FHL2,DecreaseAmount,0.8775000000000001,2,-0.30038086,0.0078672954185689
TP53,THBS1,DecreaseAmount,0.65,1,-0.86001855,1.09895192047361e-06
TP53,THBS1,DecreaseAmount,0.9961499963171139,15,-0.86001855,1.09895192047361e-06
TP53,THBS1,IncreaseAmount,0.9999996597293,30,-0.86001855,1.09895192047361e-06
TP53,THBS1,IncreaseAmount,0.65,1,-0.86001855,1.09895192047361e-06
TP53,TGM2,IncreaseAmount,0.98922,5,-0.24516019,5.876558490854744e-06
TP53,TGFBR2,DecreaseAmount,0.86,1,-0.3990123,0.0024693369833782
TP53,TGFBR2,DecreaseAmount,0.65,1,-0.3990123,0.0024693369833782
TP53,TGFBR2,IncreaseAmount,0.65,1,-0.3990123,0.0024693369833782
TP53,TFRC,IncreaseAmount,0.86,1,1.0293921,2.7502191555076985e-05
TP53,TFRC,DecreaseAmount,0.8775000000000001,2,1.0293921,2.7502191555076985e-05
TP53,TFRC,IncreaseAmount,0.65,1,1.0293921,2.7502191555076985e-05
TP53,TFAM,DecreaseAmount,0.9943405,5,0.57043606,0.0011415440789939
TP53,TFAM,IncreaseAmount,0.65,1,0.57043606,0.0011415440789939
TP53,TFAM,IncreaseAmount,0.949999468559,11,0.57043606,0.0011415440789939
TP53,CEP55,IncreaseAmount,0.65,1,2.0392964,1.5993704849445364e-10
TP53,TBPL1,IncreaseAmount,0.86,2,0.49073693,0.0454806203855384
TP53,TBPL1,DecreaseAmount,0.949980317,8,0.49073693,0.0454806203855384
TP53,TBPL1,DecreaseAmount,0.65,1,0.49073693,0.0454806203855384
TP53,PA2G4,DecreaseAmount,0.79,1,0.41088456,5.863582036286113e-10
TP53,P4HA2,IncreaseAmount,0.65,1,-0.33593905,0.0190558599838515
TP53,NUP98,DecreaseAmount,0.65,1,0.57327527,0.0478479875462933
TP53,NUP98,IncreaseAmount,0.65,1,0.57327527,0.0478479875462933
TP53,YBX1,DecreaseAmount,0.65,1,0.18789914,9.74632226910277e-07
TP53,YBX1,IncreaseAmount,0.65,1,0.18789914,9.74632226910277e-07
TP53,NRP2,IncreaseAmount,0.86,1,-0.31810653,0.002677039316372
TP53,NRP2,IncreaseAmount,0.65,1,-0.31810653,0.002677039316372
TP53,ATOX1,IncreaseAmount,0.65,1,-0.23154056,0.0004193318010559
TP53,CDKN1A,IncreaseAmount,0.65,1,-1.6007928,1.7810449500852907e-35
TP53,CDKN1A,IncreaseAmount,0.65,1,-1.6007928,1.7810449500852907e-35
TP53,CDKN1A,IncreaseAmount,0.998598208,1,-1.6007928,1.7810449500852907e-35
TP53,CDKN1A,IncreaseAmount,0.65,1,-1.6007928,1.7810449500852907e-35
TP53,CDKN1A,IncreaseAmount,0.65,1,-1.6007928,1.7810449500852907e-35
TP53,CDKN1A,IncreaseAmount,0.65,1,-1.6007928,1.7810449500852907e-35
TP53,CDKN1A,IncreaseAmount,0.99889936587189,5,-1.6007928,1.7810449500852907e-35
TP53,CDKN1A,IncreaseAmount,0.65,1,-1.6007928,1.7810449500852907e-35
TP53,CDKN1A,IncreaseAmount,0.65,1,-1.6007928,1.7810449500852907e-35
TP53,CDKN1A,IncreaseAmount,0.65,1,-1.6007928,1.7810449500852907e-35
TP53,CDKN1A,IncreaseAmount,0.65,1,-1.6007928,1.7810449500852907e-35
TP53,FEN1,IncreaseAmount,0.65,1,2.3629503,0.0178516784294126
TP53,FDXR,DecreaseAmount,0.65,1,-0.6897298,0.0014586544553678
TP53,FDXR,DecreaseAmount,0.923,2,-0.6897298,0.0014586544553678
TP53,FDXR,IncreaseAmount,0.9986525,6,-0.6897298,0.0014586544553678
TP53,FBN1,IncreaseAmount,0.65,1,-0.5902338,0.0001317608987598
TP53,FBN1,DecreaseAmount,0.98922,3,-0.5902338,0.0001317608987598
TP53,FBN1,DecreaseAmount,0.86,2,-0.5902338,0.0001317608987598
TP53,FBL,DecreaseAmount,0.65,1,0.38890624,0.0017544310812966
TP53,FBL,IncreaseAmount,0.94757,5,0.38890624,0.0017544310812966
TP53,FBL,DecreaseAmount,0.982497933285,10,0.38890624,0.0017544310812966
TP53,FASN,DecreaseAmount,0.8775000000000001,2,0.30661413,0.007309175262141
TP53,FASN,IncreaseAmount,0.9419,4,0.30661413,0.007309175262141
TP53,MPZL2,DecreaseAmount,0.79,1,-0.35510913,0.019827319914774
TP53,BUB1B,IncreaseAmount,0.65,1,1.8309792,0.0021375329029055
TP53,BUB1,DecreaseAmount,0.65,1,2.0672827,6.396332584433987e-05
TP53,AURKA,IncreaseAmount,0.949980317,9,1.4509273,0.0005695795292335
TP53,AURKA,IncreaseAmount,0.9824993799855,3,1.4509273,0.0005695795292335
TP53,AURKA,DecreaseAmount,0.99596289,8,1.4509273,0.0005695795292335
TP53,NPM1,DecreaseAmount,0.65,1,0.20345703,4.4392154409419046e-05
TP53,NPM1,IncreaseAmount,0.86,2,0.20345703,4.4392154409419046e-05
TP53,NPM1,IncreaseAmount,0.951,1,0.20345703,4.4392154409419046e-05
TP53,NOTCH4,IncreaseAmount,0.86,2,-0.4843402,0.024161392922673
TP53,ATF4,DecreaseAmount,0.65,1,0.27661228,0.0070833539560479
TP53,ATF4,IncreaseAmount,0.86,2,0.27661228,0.0070833539560479
TP53,NMI,IncreaseAmount,0.65,1,0.6549858,0.0037130818393587
TP53,NME1,DecreaseAmount,0.65,1,0.18620008,0.0324599501566598
TP53,NME1,IncreaseAmount,0.9816495,6,0.18620008,0.0324599501566598
TP53,CDKN1A,IncreaseAmount,0.998598208,1,-1.6007928,1.7810449500852907e-35
TP53,CDKN1A,IncreaseAmount,0.9899872,7,-1.6007928,1.7810449500852907e-35
TP53,CDKN1A,IncreaseAmount,0.9899872,7,-1.6007928,1.7810449500852907e-35
TP53,CDKN1A,DecreaseAmount,0.79,1,-1.6007928,1.7810449500852907e-35
TP53,CDKN1A,IncreaseAmount,0.9899872,7,-1.6007928,1.7810449500852907e-35
TP53,CDKN1A,DecreaseAmount,0.9899999999999979,21,-1.6007928,1.7810449500852907e-35
TP53,CDKN1A,IncreaseAmount,0.996499999942656,1,-1.6007928,1.7810449500852907e-35
TP53,CDKN1A,DecreaseAmount,0.65,1,-1.6007928,1.7810449500852907e-35
TP53,CDKN1A,IncreaseAmount,0.65,1,-1.6007928,1.7810449500852907e-35
TP53,CDKN1A,IncreaseAmount,0.99649552,1,-1.6007928,1.7810449500852907e-35
TP53,CDKN1A,DecreaseAmount,0.65,1,-1.6007928,1.7810449500852907e-35
TP53,CDKN1A,IncreaseAmount,0.9824999999877962,18,-1.6007928,1.7810449500852907e-35
TP53,CDKN1A,IncreaseAmount,0.65,1,-1.6007928,1.7810449500852907e-35
TP53,CDKN1A,DecreaseAmount,0.65,1,-1.6007928,1.7810449500852907e-35
TP53,CDKN1A,DecreaseAmount,0.999499940951,9,-1.6007928,1.7810449500852907e-35
TP53,CDKN1A,DecreaseAmount,0.65,1,-1.6007928,1.7810449500852907e-35
TP53,CDKN1A,IncreaseAmount,0.65,1,-1.6007928,1.7810449500852907e-35
TP53,CDKN1A,DecreaseAmount,0.949271,5,-1.6007928,1.7810449500852907e-35
TP53,CDKN1A,IncreaseAmount,0.94999995217031,11,-1.6007928,1.7810449500852907e-35
TP53,CDKN1A,DecreaseAmount,0.65,1,-1.6007928,1.7810449500852907e-35
TP53,CDKN1A,IncreaseAmount,0.9994993008754173,7,-1.6007928,1.7810449500852907e-35
TP53,CDKN1A,IncreaseAmount,0.65,1,-1.6007928,1.7810449500852907e-35
TP53,CDKN1A,IncreaseAmount,0.9999999999997592,1078,-1.6007928,1.7810449500852907e-35
TP53,CDKN1A,IncreaseAmount,0.86,2,-1.6007928,1.7810449500852907e-35
TP53,CDKN1A,IncreaseAmount,0.9994999999999999,65,-1.6007928,1.7810449500852907e-35
TP53,CDKN1A,DecreaseAmount,0.999999725,188,-1.6007928,1.7810449500852907e-35
TP53,CDK4,IncreaseAmount,0.65,1,0.4100685,0.0013428001978778
TP53,CDK4,IncreaseAmount,0.951,2,0.4100685,0.0013428001978778
TP53,CDK4,DecreaseAmount,0.98224485,7,0.4100685,0.0013428001978778
TP53,SIVA1,IncreaseAmount,0.99776315,5,0.38048095,0.0048687403279607
TP53,SIVA1,IncreaseAmount,0.65,1,0.38048095,0.0048687403279607
TP53,ENO1,IncreaseAmount,0.8775000000000001,2,0.38978434,1.1609834659435034e-12
TP53,ELK3,DecreaseAmount,0.95,2,-0.28571644,0.0246482286962605
TP53,EIF5A,IncreaseAmount,0.65,1,0.362496,1.9935524375562313e-08
TP53,BTG2,IncreaseAmount,0.65,1,-1.7964294,0.001068707142824
TP53,BTG2,DecreaseAmount,0.98224485,7,-1.7964294,0.001068707142824
TP53,BTG2,IncreaseAmount,0.99917971207,9,-1.7964294,0.001068707142824
TP53,SQLE,DecreaseAmount,0.65,1,0.20653597,0.0042513696577686
TP53,SOX4,DecreaseAmount,0.79,1,-0.49909613,4.698304137525159e-05
TP53,SOX4,IncreaseAmount,0.65,1,-0.49909613,4.698304137525159e-05
TP53,SNCA,DecreaseAmount,0.65,1,-0.25946632,0.0116496617315515
TP53,NF2,IncreaseAmount,0.86,2,-0.79171413,0.01030417097605
TP53,NES,IncreaseAmount,0.8775000000000001,2,0.25722963,0.0397041112705065
TP53,NES,DecreaseAmount,0.9499940951,10,0.25722963,0.0397041112705065
TP53,NCL,DecreaseAmount,0.65,1,0.48849124,3.211294033068948e-17
TP53,MYH9,DecreaseAmount,0.65,1,-0.31855774,0.0051581362861276
TP53,DBF4,DecreaseAmount,0.65,1,0.8540436,0.0024917796019278
TP53,APOBEC3C,IncreaseAmount,0.65,1,-0.50006425,0.0242249353329089
TP53,RRM2B,DecreaseAmount,0.9419,4,-0.8289871,4.386714844621033e-09
TP53,RRM2B,IncreaseAmount,0.86,2,-0.8289871,4.386714844621033e-09
TP53,RRM2B,IncreaseAmount,0.9999509999998861,23,-0.8289871,4.386714844621033e-09
TP53,ABI3BP,DecreaseAmount,0.65,1,-1.321923,0.0005303982589033
TP53,CDC25B,IncreaseAmount,0.86,2,0.84002435,0.0028700695245578
TP53,CDC25B,DecreaseAmount,0.8775000000000001,2,0.84002435,0.0028700695245578
TP53,CDC20,DecreaseAmount,0.65,1,1.9698197,1.5344729339211035e-09
TP53,CDC20,DecreaseAmount,0.999807499983427,19,1.9698197,1.5344729339211035e-09
TP53,CDK1,DecreaseAmount,0.65,1,1.888234,7.541929618211341e-06
TP53,CDK1,DecreaseAmount,0.923,3,1.888234,7.541929618211341e-06
TP53,CDK1,DecreaseAmount,0.9995764999999734,22,1.888234,7.541929618211341e-06
TP53,CDK1,IncreaseAmount,0.94993439,8,1.888234,7.541929618211341e-06
TP53,OPTN,IncreaseAmount,0.86,2,-0.66901064,8.641123216313825e-05
TP53,EIF4EBP1,DecreaseAmount,0.65,1,0.7492383,3.454870418559733e-23
TP53,EIF4EBP1,IncreaseAmount,0.923,3,0.7492383,3.454870418559733e-23
TP53,EEF1E1,IncreaseAmount,0.65,1,0.66371447,1.5132477241245592e-05
TP53,EEF1A1,IncreaseAmount,0.65,1,-0.11601896,5.253362797113144e-09
TP53,EDN1,DecreaseAmount,0.86,2,-1.0274217,4.616501527268923e-06
TP53,EDN1,IncreaseAmount,0.65,1,-1.0274217,4.616501527268923e-06
TP53,EDN1,IncreaseAmount,0.951,2,-1.0274217,4.616501527268923e-06
TP53,SLC7A5,IncreaseAmount,0.86,1,1.0176365,0.0227832252718634
TP53,SLC7A5,IncreaseAmount,0.65,1,1.0176365,0.0227832252718634
TP53,SLC7A11,IncreaseAmount,0.982499999999991,27,0.34229302,0.0288333922864905
TP53,SLC7A11,DecreaseAmount,0.94757,5,0.34229302,0.0288333922864905
TP53,SLC7A11,DecreaseAmount,0.95,82,0.34229302,0.0288333922864905
TP53,SLC31A1,DecreaseAmount,0.65,1,0.7429913,0.0086700341650026
TP53,SLC31A1,IncreaseAmount,0.65,1,0.7429913,0.0086700341650026
TP53,BRCA2,DecreaseAmount,0.999461,6,2.518659,1.2204558708761762e-06
TP53,BRCA1,DecreaseAmount,0.923,3,1.7669463,0.0019787211813409
TP53,BRCA1,IncreaseAmount,0.992999977679478,15,1.7669463,0.0019787211813409
TP53,BRCA1,DecreaseAmount,0.65,1,1.7669463,0.0019787211813409
TP53,BRCA1,DecreaseAmount,0.9995764999990155,19,1.7669463,0.0019787211813409
TP53,MYC,DecreaseAmount,0.86,2,0.41224557,0.0029966187782931
TP53,MYC,IncreaseAmount,0.923,2,0.41224557,0.0029966187782931
TP53,MYC,IncreaseAmount,0.65,1,0.41224557,0.0029966187782931
TP53,MYC,DecreaseAmount,0.94993439,8,0.41224557,0.0029966187782931
TP53,MYC,DecreaseAmount,0.999851775,57,0.41224557,0.0029966187782931
TP53,MYC,IncreaseAmount,0.9497812999999999,6,0.41224557,0.0029966187782931
TP53,MYC,IncreaseAmount,0.9996499875997098,30,0.41224557,0.0029966187782931
TP53,MYBL2,DecreaseAmount,0.923,3,1.8725183,1.1860824270395773e-06
TP53,MTHFD2,IncreaseAmount,0.65,1,0.6668133,6.424122030314928e-07
TP53,MT2A,IncreaseAmount,0.65,1,0.24511549,0.0057944536172769
TP53,MT2A,DecreaseAmount,0.65,1,0.24511549,0.0057944536172769
TP53,MLXIP,DecreaseAmount,0.65,1,-0.48881295,0.0009311275171637
TP53,TXNIP,IncreaseAmount,0.86,2,-0.45885304,0.004817643172333
TP53,CD59,IncreaseAmount,0.97305,4,-0.26466677,5.264386132343326e-07
TP53,MELK,DecreaseAmount,0.923,3,1.8475798,0.0095212892170891
TP53,MELK,IncreaseAmount,0.94757,5,1.8475798,0.0095212892170891
TP53,MELK,DecreaseAmount,0.95,28,1.8475798,0.0095212892170891
TP53,MELK,IncreaseAmount,0.9499998405677,8,1.8475798,0.0095212892170891
TP53,MELK,DecreaseAmount,0.86,2,1.8475798,0.0095212892170891
TP53,CD44,IncreaseAmount,0.65,1,-0.2977193,0.0031023053467248
TP53,CD44,DecreaseAmount,0.86,1,-0.2977193,0.0031023053467248
TP53,CD44,DecreaseAmount,0.65,1,-0.2977193,0.0031023053467248
TP53,CD44,IncreaseAmount,0.65,1,-0.2977193,0.0031023053467248
TP53,CD44,IncreaseAmount,0.65,1,-0.2977193,0.0031023053467248
TP53,CD44,IncreaseAmount,0.94757,2,-0.2977193,0.0031023053467248
TP53,CD44,IncreaseAmount,0.9938749982422589,10,-0.2977193,0.0031023053467248
TP53,CD44,IncreaseAmount,0.65,1,-0.2977193,0.0031023053467248
TP53,CD44,IncreaseAmount,0.65,1,-0.2977193,0.0031023053467248
TP53,CD44,DecreaseAmount,0.993,47,-0.2977193,0.0031023053467248
TP53,ECT2,IncreaseAmount,0.9419,4,0.7116065,0.0469495287220649
TP53,ECT2,DecreaseAmount,0.949980317,9,0.7116065,0.0469495287220649
TP53,NEAT1,DecreaseAmount,0.86,2,-1.0247866,2.711855172262273e-30
TP53,DUT,DecreaseAmount,0.86,2,0.55278635,4.849645119412899e-06
TP53,DUT,IncreaseAmount,0.65,1,0.55278635,4.849645119412899e-06
TP53,DUT,IncreaseAmount,0.982423455,5,0.55278635,4.849645119412899e-06
TP53,DUT,IncreaseAmount,0.86,2,0.55278635,4.849645119412899e-06
TP53,SKP2,IncreaseAmount,0.65,1,0.9635844,0.0336885979162913
TP53,BNIP3L,IncreaseAmount,0.996146395,7,-0.30337337,0.0395443998396704
TP53,SHC1,DecreaseAmount,0.65,1,-0.27421245,0.0225841886541176
TP53,SHC1,IncreaseAmount,0.8775000000000001,2,-0.27421245,0.0225841886541176
TP53,SH3BP5,DecreaseAmount,0.65,1,0.24144606,0.0029796333016946
TP53,BMPR2,DecreaseAmount,0.9825,3,-0.2869433,0.0250247037317983
TP53,MMP2,IncreaseAmount,0.941,1,-0.9307034,0.0029449157252749
TP53,MMP2,IncreaseAmount,0.65,1,-0.9307034,0.0029449157252749
TP53,MMP2,IncreaseAmount,0.9999999522796762,28,-0.9307034,0.0029449157252749
TP53,MMP2,DecreaseAmount,0.99289794,8,-0.9307034,0.0029449157252749
TP53,MKI67,DecreaseAmount,0.97305,4,1.9665484,3.646785699417414e-09
TP53,MKI67,IncreaseAmount,0.997549035533,12,1.9665484,3.646785699417414e-09
TP53,ME1,IncreaseAmount,0.86,2,-0.2911619,0.0384002609895693
TP53,ME1,DecreaseAmount,0.98224485,7,-0.2911619,0.0384002609895693
TP53,TRIM22,DecreaseAmount,0.9824770365,9,-1.4188468,7.449508300886175e-07
TP53,TRIM22,IncreaseAmount,0.997981445,7,-1.4188468,7.449508300886175e-07
TP53,PSMG1,IncreaseAmount,0.65,1,0.5547232,0.0170181211997901
TP53,GDF15,DecreaseAmount,0.9816495,6,-1.0020463,6.953998212122973e-09
TP53,GDF15,IncreaseAmount,0.65,1,-1.0020463,6.953998212122973e-09
TP53,GDF15,IncreaseAmount,0.65,1,-1.0020463,6.953998212122973e-09
TP53,GDF15,IncreaseAmount,0.9999919043908629,35,-1.0020463,6.953998212122973e-09
TP53,ATAD2,DecreaseAmount,0.65,1,1.7957919,2.0144842047143925e-05
TP53,PBRM1,DecreaseAmount,0.65,1,0.36626875,0.0226216266469771
TP53,SNHG12,IncreaseAmount,0.65,1,0.9845723,0.0119778380601317
TP53,ZMAT3,IncreaseAmount,0.996227,6,-1.2504092,4.384994783880083e-22
TP53,ZMAT3,DecreaseAmount,0.99615,5,-1.2504092,4.384994783880083e-22
TP53,GNL3,IncreaseAmount,0.8775000000000001,1,0.52933294,3.919828937907537e-05
TP53,GNL3,DecreaseAmount,0.65,1,0.52933294,3.919828937907537e-05
TP53,SAT1,IncreaseAmount,0.98224485,7,-0.28140226,0.0231986363778145
TP53,BID,IncreaseAmount,0.99351,2,0.29105136,0.0440417910138563
TP53,BID,IncreaseAmount,0.65,1,0.29105136,0.0440417910138563
TP53,BID,IncreaseAmount,0.9999904585733097,12,0.29105136,0.0440417910138563
TP53,BID,DecreaseAmount,0.951,3,0.29105136,0.0440417910138563
TP53,S100A6,IncreaseAmount,0.65,1,-0.21997266,4.923068091750179e-11
TP53,RUVBL1,IncreaseAmount,0.65,1,0.53545207,1.4094260918932018e-05
TP53,RRM2,IncreaseAmount,0.65,1,2.2719111,2.002457053194324e-07
TP53,MDM4,DecreaseAmount,0.86,1,0.46300423,0.0169772577632771
TP53,MDM4,DecreaseAmount,0.65,1,0.46300423,0.0169772577632771
TP53,MDM4,DecreaseAmount,0.9929908146,8,0.46300423,0.0169772577632771
TP53,MDM4,IncreaseAmount,0.9961499999701686,21,0.46300423,0.0169772577632771
TP53,MDM2,IncreaseAmount,0.65,1,-1.0674185,3.495460904927546e-11
TP53,MDM2,DecreaseAmount,0.65,1,-1.0674185,3.495460904927546e-11
TP53,MDM2,IncreaseAmount,0.99351,2,-1.0674185,3.495460904927546e-11
TP53,MDM2,IncreaseAmount,0.65,1,-1.0674185,3.495460904927546e-11
TP53,MDM2,IncreaseAmount,0.65,1,-1.0674185,3.495460904927546e-11
TP53,MDM2,DecreaseAmount,0.65,1,-1.0674185,3.495460904927546e-11
TP53,MDM2,IncreaseAmount,0.65,1,-1.0674185,3.495460904927546e-11
TP53,MDM2,IncreaseAmount,0.65,1,-1.0674185,3.495460904927546e-11
TP53,UBE2C,DecreaseAmount,0.65,1,1.8867246,7.616185641950708e-08
TP53,UBE2C,IncreaseAmount,0.65,1,1.8867246,7.616185641950708e-08
TP53,CCNG1,IncreaseAmount,0.987599,2,-0.7610036,8.238982937219296e-09
TP53,CCNG1,DecreaseAmount,0.65,1,-0.7610036,8.238982937219296e-09
TP53,CCNG1,IncreaseAmount,0.9990885265,1,-0.7610036,8.238982937219296e-09
TP53,CCNG1,IncreaseAmount,0.79,1,-0.7610036,8.238982937219296e-09
TP53,PALMD,IncreaseAmount,0.923,3,-0.48327526,0.0005692691311841
TP53,PALMD,DecreaseAmount,0.951,3,-0.48327526,0.0005692691311841
TP53,CCND1,DecreaseAmount,0.9998827219545,11,-0.6151489,2.0348156711669904e-10
TP53,CCND1,IncreaseAmount,0.65,1,-0.6151489,2.0348156711669904e-10
TP53,CCNB2,DecreaseAmount,0.99922663202,10,1.5533768,8.195954154710491e-05
TP53,CCNB1,IncreaseAmount,0.65,1,1.888607,1.6078491514328516e-11
TP53,CCNB1,IncreaseAmount,0.9497812999999999,6,1.888607,1.6078491514328516e-11
TP53,CCNB1,DecreaseAmount,0.94757,5,1.888607,1.6078491514328516e-11
TP53,CCNB1,IncreaseAmount,0.9499999999651322,13,1.888607,1.6078491514328516e-11
TP53,CCNB1,DecreaseAmount,0.9998383,38,1.888607,1.6078491514328516e-11
TP53,CCNA2,DecreaseAmount,0.65,1,1.7404118,0.0003372978987096
TP53,TRIM8,IncreaseAmount,0.949271,6,-0.40865046,0.0295322579165375
TP53,GNL3,IncreaseAmount,0.65,1,0.52933294,3.919828937907537e-05
TP53,DNMT1,DecreaseAmount,0.65,1,0.7548314,3.1075122617900625e-05
TP53,DNMT1,DecreaseAmount,0.65,1,0.7548314,3.1075122617900625e-05
TP53,DNMT1,IncreaseAmount,0.65,1,0.7548314,3.1075122617900625e-05
TP53,DNMT1,DecreaseAmount,0.9999418999999878,25,0.7548314,3.1075122617900625e-05
TP53,DNMT1,IncreaseAmount,0.99776315,5,0.7548314,3.1075122617900625e-05
TP53,MTDH,DecreaseAmount,0.86,2,0.25614995,5.967383458220954e-06
TP53,CIP2A,DecreaseAmount,0.8775000000000001,2,1.7072672,0.0003591187117805
TP53,CIP2A,IncreaseAmount,0.923,3,1.7072672,0.0003591187117805
TP53,KDM1A,DecreaseAmount,0.65,1,0.3083908,0.0178577733672582
TP53,RPS19,DecreaseAmount,0.95,2,-0.2607981,1.2315300546977836e-25
TP53,RPS14,IncreaseAmount,0.65,1,-0.06919524,0.0005037733442152
TP53,RPL11,DecreaseAmount,0.65,1,-0.056474086,0.0029015896752156
TP53,MDM2,IncreaseAmount,0.65,1,-1.0674185,3.495460904927546e-11
TP53,MDM2,IncreaseAmount,0.949999468559,11,-1.0674185,3.495460904927546e-11
TP53,MDM2,IncreaseAmount,0.9499999956953279,14,-1.0674185,3.495460904927546e-11
TP53,MDM2,DecreaseAmount,0.999875,91,-1.0674185,3.495460904927546e-11
TP53,MDM2,IncreaseAmount,0.9999999999974629,465,-1.0674185,3.495460904927546e-11
TP53,MDK,IncreaseAmount,0.65,1,-0.2627853,0.0014827956432138
TP53,MDK,DecreaseAmount,0.9265,2,-0.2627853,0.0014827956432138
TP53,CD46,DecreaseAmount,0.65,1,-0.37556297,0.000645608829877
TP53,MCM7,DecreaseAmount,0.89,1,1.9422712,7.411745958975893e-07
TP53,MCM5,DecreaseAmount,0.86,2,1.5393393,0.0061944858620832
TP53,ARIH2,IncreaseAmount,0.65,1,0.4666428,0.0201118723864123
TP53,CAV1,IncreaseAmount,0.65,1,-0.14561994,0.0087886388894988
TP53,CAV1,DecreaseAmount,0.65,1,-0.14561994,0.0087886388894988
TP53,CAV1,IncreaseAmount,0.99865789,5,-0.14561994,0.0087886388894988
TP53,DLG1,IncreaseAmount,0.65,1,-0.39617527,0.0078231959488589
TP53,NUP93,DecreaseAmount,0.79,1,0.6624536,0.0266656627094424
TP53,DKK3,IncreaseAmount,0.65,1,-0.6209729,0.007844727945147
TP53,DHFR,DecreaseAmount,0.86,2,1.1510781,0.000626635187001
TP53,DEK,DecreaseAmount,0.65,1,0.97665346,3.078242617897868e-25
TP53,DDX18,IncreaseAmount,0.65,1,0.24710721,0.0445572442039961
TP53,CDCA8,DecreaseAmount,0.65,1,1.8548821,0.0028029420553501
TP53,NDRG4,DecreaseAmount,0.65,1,-1.8557284,0.0417925806009115
TP53,CALD1,DecreaseAmount,0.9265,2,-0.28344008,0.000251901990465
TP53,CALD1,IncreaseAmount,0.923,3,-0.28344008,0.000251901990465
TP53,DDB2,DecreaseAmount,0.65,1,-1.039247,1.8692014763140946e-05
TP53,DDB2,IncreaseAmount,0.9995957499990603,22,-1.039247,1.8692014763140946e-05
TP53,DCTN3,IncreaseAmount,0.65,1,0.27013147,0.0189892878139925
TP53,MAP1LC3A,DecreaseAmount,0.79,1,-0.50181395,0.0037847854516655
TP53,MAD2L1,DecreaseAmount,0.65,1,1.5830187,4.398979686091146e-09
TP53,MAD2L1,DecreaseAmount,0.9499940951,9,1.5830187,4.398979686091146e-09
TP53,MAD2L1,IncreaseAmount,0.65,1,1.5830187,4.398979686091146e-09
TP53,LTBP1,DecreaseAmount,0.79,1,-0.24114257,0.0004369354517992
TP53,LPP,DecreaseAmount,0.79,1,-0.49406713,5.7028427802454486e-06
TP53,LMO4,DecreaseAmount,0.65,1,0.51929945,0.0249838387021395
TP53,LMO4,DecreaseAmount,0.951,2,0.51929945,0.0249838387021395
TP53,LMNB1,DecreaseAmount,0.923,3,1.0774761,0.003442173692872
TP53,LMNA,IncreaseAmount,0.65,1,0.20241757,0.0012611068274128
TP53,LGALS3,IncreaseAmount,0.65,1,-0.3122873,0.0204091147337513
TP53,LGALS3,IncreaseAmount,0.8775000000000001,1,-0.3122873,0.0204091147337513
TP53,LGALS3,IncreaseAmount,0.951,1,-0.3122873,0.0204091147337513
TP53,LGALS3,DecreaseAmount,0.923,3,-0.3122873,0.0204091147337513
TP53,TP53,IncreaseAmount,0.65,1,-1.1205395,3.7415163052092234e-05
TP53,TP53,IncreaseAmount,0.65,1,-1.1205395,3.7415163052092234e-05
TP53,TP53,IncreaseAmount,0.65,1,-1.1205395,3.7415163052092234e-05
TP53,TP53,DecreaseAmount,0.65,1,-1.1205395,3.7415163052092234e-05
TP53,TP53,DecreaseAmount,0.65,1,-1.1205395,3.7415163052092234e-05
TP53,TP53,IncreaseAmount,0.65,1,-1.1205395,3.7415163052092234e-05
TP53,TP53,IncreaseAmount,0.65,1,-1.1205395,3.7415163052092234e-05
TP53,TP53,DecreaseAmount,0.9499940951,1,-1.1205395,3.7415163052092234e-05
TP53,TP53,DecreaseAmount,0.65,1,-1.1205395,3.7415163052092234e-05
TP53,TP53,IncreaseAmount,0.65,1,-1.1205395,3.7415163052092234e-05
TP53,TP53,DecreaseAmount,0.65,1,-1.1205395,3.7415163052092234e-05
TP53,TP53,IncreaseAmount,0.65,1,-1.1205395,3.7415163052092234e-05
TP53,TP53,DecreaseAmount,0.65,1,-1.1205395,3.7415163052092234e-05
TP53,TP53,DecreaseAmount,0.65,1,-1.1205395,3.7415163052092234e-05
TP53,TP53,DecreaseAmount,0.65,1,-1.1205395,3.7415163052092234e-05
TP53,TP53,IncreaseAmount,0.65,1,-1.1205395,3.7415163052092234e-05
TP53,TP53,IncreaseAmount,0.65,1,-1.1205395,3.7415163052092234e-05
TP53,TP53,IncreaseAmount,0.65,1,-1.1205395,3.7415163052092234e-05
TP53,TP53,DecreaseAmount,0.89,1,-1.1205395,3.7415163052092234e-05
TP53,TP53,DecreaseAmount,0.89,1,-1.1205395,3.7415163052092234e-05
TP53,TP53,DecreaseAmount,0.89,1,-1.1205395,3.7415163052092234e-05
TP53,TP53,DecreaseAmount,0.89,1,-1.1205395,3.7415163052092234e-05
TP53,TP53,IncreaseAmount,0.89,1,-1.1205395,3.7415163052092234e-05
TP53,TP53,IncreaseAmount,0.65,1,-1.1205395,3.7415163052092234e-05
TP53,TP53,IncreaseAmount,0.65,1,-1.1205395,3.7415163052092234e-05
TP53,TP53,DecreaseAmount,0.9419,2,-1.1205395,3.7415163052092234e-05
TP53,TP53,IncreaseAmount,0.65,1,-1.1205395,3.7415163052092234e-05
TP53,TP53,DecreaseAmount,0.65,1,-1.1205395,3.7415163052092234e-05
TP53,TP53,IncreaseAmount,0.65,1,-1.1205395,3.7415163052092234e-05
TP53,TP53,IncreaseAmount,0.65,1,-1.1205395,3.7415163052092234e-05
TP53,TP53,DecreaseAmount,0.86,2,-1.1205395,3.7415163052092234e-05
TP53,TP53,DecreaseAmount,0.65,1,-1.1205395,3.7415163052092234e-05
TP53,TP53,IncreaseAmount,0.65,1,-1.1205395,3.7415163052092234e-05
TP53,TP53,IncreaseAmount,0.86,2,-1.1205395,3.7415163052092234e-05
TP53,TP53,IncreaseAmount,0.923,1,-1.1205395,3.7415163052092234e-05
TP53,TP53,IncreaseAmount,0.65,1,-1.1205395,3.7415163052092234e-05
TP53,TP53,IncreaseAmount,0.65,1,-1.1205395,3.7415163052092234e-05
TP53,TP53,IncreaseAmount,0.86,2,-1.1205395,3.7415163052092234e-05
TP53,TP53,DecreaseAmount,0.923,3,-1.1205395,3.7415163052092234e-05
TP53,TP53,DecreaseAmount,0.9419,2,-1.1205395,3.7415163052092234e-05
TP53,TP53,DecreaseAmount,0.65,1,-1.1205395,3.7415163052092234e-05
TP53,TP53,IncreaseAmount,0.9497812999999999,4,-1.1205395,3.7415163052092234e-05
TP53,TP53,IncreaseAmount,0.65,1,-1.1205395,3.7415163052092234e-05
TP53,TP53,DecreaseAmount,0.86,1,-1.1205395,3.7415163052092234e-05
TP53,TP53,DecreaseAmount,0.65,1,-1.1205395,3.7415163052092234e-05
TP53,TP53,IncreaseAmount,0.65,1,-1.1205395,3.7415163052092234e-05
TP53,TP53,DecreaseAmount,0.94757,3,-1.1205395,3.7415163052092234e-05
TP53,TP53,DecreaseAmount,0.65,1,-1.1205395,3.7415163052092234e-05
TP53,TP53,IncreaseAmount,0.9824999949778825,9,-1.1205395,3.7415163052092234e-05
TP53,TP53,IncreaseAmount,0.65,1,-1.1205395,3.7415163052092234e-05
TP53,TP53,DecreaseAmount,0.949271,3,-1.1205395,3.7415163052092234e-05
TP53,TP53,DecreaseAmount,0.95,14,-1.1205395,3.7415163052092234e-05
TP53,TP53,DecreaseAmount,0.9994949999988261,8,-1.1205395,3.7415163052092234e-05
TP53,TP53,IncreaseAmount,0.86,2,-1.1205395,3.7415163052092234e-05
TP53,TP53,IncreaseAmount,0.923,3,-1.1205395,3.7415163052092234e-05
TP53,TP53,DecreaseAmount,0.65,1,-1.1205395,3.7415163052092234e-05
TP53,TP53,DecreaseAmount,0.86,2,-1.1205395,3.7415163052092234e-05
TP53,TP53,DecreaseAmount,0.923,2,-1.1205395,3.7415163052092234e-05
TP53,TP53,IncreaseAmount,0.9615,1,-1.1205395,3.7415163052092234e-05
TP53,TP53,IncreaseAmount,0.94757,5,-1.1205395,3.7415163052092234e-05
TP53,TP53,DecreaseAmount,0.923,3,-1.1205395,3.7415163052092234e-05
TP53,TP53,IncreaseAmount,0.95,26,-1.1205395,3.7415163052092234e-05
TP53,TP53,DecreaseAmount,0.65,1,-1.1205395,3.7415163052092234e-05
TP53,TP53,DecreaseAmount,0.65,1,-1.1205395,3.7415163052092234e-05
TP53,TP53,IncreaseAmount,0.994475943,4,-1.1205395,3.7415163052092234e-05
TP53,TP53,DecreaseAmount,0.999975,446,-1.1205395,3.7415163052092234e-05
TP53,TP53,IncreaseAmount,0.9945,37,-1.1205395,3.7415163052092234e-05
TP53,TP53,IncreaseAmount,0.9999999755332472,574,-1.1205395,3.7415163052092234e-05
PVT1,SERPINE1,IncreaseAmount,0.65,1,-0.35493845,7.112233536471432e-06
PVT1,FN1,IncreaseAmount,0.65,1,-0.47435996,0.00011333385192
PVT1,PVT1,DecreaseAmount,0.65,1,-0.7423178,1.3645814407919928e-05
CSDE1,RAC1,DecreaseAmount,0.65,1,0.16537592,0.0294468495371188
CSDE1,PABPC1,DecreaseAmount,0.65,1,-0.32858723,6.755759077935938e-06
CSDE1,CSDE1,IncreaseAmount,0.65,1,-1.2783042,7.301537991618216e-18
CSDE1,CSDE1,DecreaseAmount,0.923,2,-1.2783042,7.301537991618216e-18
CSDE1,CSDE1,DecreaseAmount,0.65,1,-1.2783042,7.301537991618216e-18
PROX1,VIM,DecreaseAmount,0.65,1,-0.049339272,0.0467411591949621
PROX1,VIM,IncreaseAmount,0.65,1,-0.049339272,0.0467411591949621
ARPC2,ARPC2,DecreaseAmount,0.65,1,-1.0759392,6.217660175321076e-19
GTF3A,PTMA,DecreaseAmount,0.79,1,0.09839852,0.0368924168442203
GTF3A,PPP1CA,DecreaseAmount,0.79,1,-0.321554,0.0253984248018205
GTF3A,MGAT4B,DecreaseAmount,0.79,1,-0.6079954,0.0128373521988502
GTF3A,IGFBP7,DecreaseAmount,0.79,1,-0.26380828,0.0027979962465261
GTF3A,USP48,DecreaseAmount,0.79,1,-0.4849001,0.0041689339895972
GTF3A,MGLL,DecreaseAmount,0.79,1,-0.35006994,0.0418226534186809
GTF3A,ANP32A,DecreaseAmount,0.79,1,0.38180038,0.0171418351315564
GTF3A,RRAS,DecreaseAmount,0.79,1,-0.26408368,0.0142071010922093
GTF3A,GTF3A,IncreaseAmount,0.65,1,-1.425571,2.872546354928428e-16
SMAD3,IGFBP7,IncreaseAmount,0.65,1,-0.12610146,0.0300643218747942
SMAD3,CCBE1,DecreaseAmount,0.65,1,0.29945764,0.02321733521116
SMAD3,TXNDC12,DecreaseAmount,0.79,1,0.40882954,0.0053312003876884
SMAD3,YBX3,DecreaseAmount,0.79,1,0.10578515,0.0264129588337443
SMAD3,CEBPB,IncreaseAmount,0.65,1,0.26393557,0.04656566464925
SMAD3,CEBPB,DecreaseAmount,0.65,1,0.26393557,0.04656566464925
SMAD3,VIM,DecreaseAmount,0.65,1,0.05458241,0.0148957174021581
SMAD3,VIM,IncreaseAmount,0.65,1,0.05458241,0.0148957174021581
SMAD3,VIM,IncreaseAmount,0.923,2,0.05458241,0.0148957174021581
SMAD3,TOP1,DecreaseAmount,0.79,1,-0.2219405,0.0107313815371814
SMAD3,SPOP,DecreaseAmount,0.65,1,0.30405352,0.0191538988875915
SMAD3,BHLHE40,IncreaseAmount,0.86,1,0.2907017,0.0420383021477113
SMAD3,BHLHE40,IncreaseAmount,0.65,1,0.2907017,0.0420383021477113
SMAD3,SMAD3,IncreaseAmount,0.9972,2,-0.35245287,0.0078766327157389
SMAD3,SMAD3,IncreaseAmount,0.89,1,-0.35245287,0.0078766327157389
SMAD3,SMAD3,IncreaseAmount,0.89,1,-0.35245287,0.0078766327157389
SMAD3,SMAD3,IncreaseAmount,0.65,1,-0.35245287,0.0078766327157389
SMAD3,SMAD3,IncreaseAmount,0.999949270999607,21,-0.35245287,0.0078766327157389
SMAD3,SMAD3,DecreaseAmount,0.9974635499982312,23,-0.35245287,0.0078766327157389
SMAD3,SMAD3,DecreaseAmount,0.923,3,-0.35245287,0.0078766327157389
KDELR2,HSPA5,DecreaseAmount,0.65,1,0.5912163,1.301346017904122e-07
ECM1,RHOC,IncreaseAmount,0.65,1,-0.25478002,0.0330269305612142
ECM1,LDHA,IncreaseAmount,0.65,1,0.25323635,0.038852390521236
ECM1,LDHA,IncreaseAmount,0.9419,3,0.25323635,0.038852390521236
PDLIM7,MCL1,IncreaseAmount,0.65,1,-0.38493767,0.0060490476317499
HMGCR,NFKBIA,DecreaseAmount,0.89,1,0.74922,0.023206519171612
HMGCR,HMGCR,IncreaseAmount,0.65,1,-1.4331535,1.747998499482162e-08
HMGCR,HMGCR,DecreaseAmount,0.86,2,-1.4331535,1.747998499482162e-08
HMGCR,HMGCR,IncreaseAmount,0.86,2,-1.4331535,1.747998499482162e-08
HMGCR,HMGCR,IncreaseAmount,0.94993439,5,-1.4331535,1.747998499482162e-08
ROCK2,ROCK2,IncreaseAmount,0.979665,5,-0.88223946,1.3472157940994294e-05
ROCK2,ROCK2,DecreaseAmount,0.9419,4,-0.88223946,1.3472157940994294e-05
TMED10,TMED10,DecreaseAmount,0.86,2,-1.012019,5.469713553092518e-12
GNAS,NFE2L2,DecreaseAmount,0.65,1,-0.3866449,0.0375699755891538
GNAS,NFE2L2,IncreaseAmount,0.65,1,-0.3866449,0.0375699755891538
GNAS,GNAS,IncreaseAmount,0.65,1,-0.998461,4.850351747575032e-24
GNAS,GNAS,DecreaseAmount,0.86,2,-0.998461,4.850351747575032e-24
GNAS,GNAS,DecreaseAmount,0.991866,4,-0.998461,4.850351747575032e-24
GNAS,GNAS,IncreaseAmount,0.9926598,6,-0.998461,4.850351747575032e-24
PVR,LAMP1,IncreaseAmount,0.65,1,-0.7209777,1.8928703474290473e-05
PVR,PVR,DecreaseAmount,0.65,1,-0.97101885,0.0011755252986277
PVR,PVR,IncreaseAmount,0.949271,5,-0.97101885,0.0011755252986277
PVR,PVR,DecreaseAmount,0.97305,3,-0.97101885,0.0011755252986277
PVR,PVR,IncreaseAmount,0.65,1,-0.97101885,0.0011755252986277
TIMM9,TIMM9,DecreaseAmount,0.65,1,-0.97201425,0.0087734557715464
OMA1,CYCS,IncreaseAmount,0.65,1,0.34774268,0.0113870133673438
CDKN1A,SMAD3,DecreaseAmount,0.65,1,-0.39283413,0.0420707814102413
CDKN1A,MAD2L1,DecreaseAmount,0.65,1,1.0451599,0.0400069387378734
CDKN1A,MAD2L1,DecreaseAmount,0.923,2,1.0451599,0.0400069387378734
CDKN1A,LMNB1,DecreaseAmount,0.923,3,0.90121394,0.0344234344651733
CDKN1A,LGALS1,IncreaseAmount,0.86,2,-0.06928411,0.0217624159558238
CDKN1A,KLF2,IncreaseAmount,0.923,3,-0.6598282,0.0050456459455121
CDKN1A,BIRC5,DecreaseAmount,0.94757,5,1.1716261,0.0060521834569675
CDKN1A,BIRC5,DecreaseAmount,0.9497812999999999,2,1.1716261,0.0060521834569675
CDKN1A,BIRC5,IncreaseAmount,0.86,1,1.1716261,0.0060521834569675
CDKN1A,BIRC5,IncreaseAmount,0.65,1,1.1716261,0.0060521834569675
CDKN1A,HMGB2,IncreaseAmount,0.65,1,1.1512678,0.0004554865418155
CDKN1A,HMGB2,DecreaseAmount,0.86,2,1.1512678,0.0004554865418155
CDKN1A,HMGB1,DecreaseAmount,0.86,2,0.5426057,3.370110645570588e-11
CDKN1A,FN1,IncreaseAmount,0.65,1,-0.753315,2.0463282925021587e-08
CDKN1A,DNMT1,IncreaseAmount,0.65,1,0.5177169,0.0412153236362457
CDKN1A,DNMT1,DecreaseAmount,0.65,1,0.5177169,0.0412153236362457
CDKN1A,DNMT1,DecreaseAmount,0.9419,3,0.5177169,0.0412153236362457
CDKN1A,DHFR,DecreaseAmount,0.65,1,1.0487891,0.0469153477663889
CDKN1A,CDKN1B,IncreaseAmount,0.65,1,0.98351,0.0353969514487776
CDKN1A,CDKN1B,IncreaseAmount,0.65,1,0.98351,0.0353969514487776
CDKN1A,CDKN1B,DecreaseAmount,0.9497812999999999,7,0.98351,0.0353969514487776
CDKN1A,CDKN1B,IncreaseAmount,0.9974964238675795,16,0.98351,0.0353969514487776
CDKN1A,CDK1,IncreaseAmount,0.951,3,1.8981621,0.0061936703613201
CDKN1A,CDK1,DecreaseAmount,0.86,2,1.8981621,0.0061936703613201
CDKN1A,CDK1,DecreaseAmount,0.9929999998192037,17,1.8981621,0.0061936703613201
CDKN1A,TXNIP,DecreaseAmount,0.65,1,-0.44728056,0.0187034124724389
CDKN1A,TXNIP,IncreaseAmount,0.951,3,-0.44728056,0.0187034124724389
CDKN1A,CCND1,DecreaseAmount,0.979665,4,-0.54663676,3.731826858732058e-05
CDKN1A,CCND1,DecreaseAmount,0.65,1,-0.54663676,3.731826858732058e-05
CDKN1A,CCND1,IncreaseAmount,0.951,3,-0.54663676,3.731826858732058e-05
CDKN1A,CCNB1,DecreaseAmount,0.65,1,1.1431655,0.0115749833218447
CDKN1A,CCNB1,IncreaseAmount,0.86,2,1.1431655,0.0115749833218447
CDKN1A,CCNB1,DecreaseAmount,0.94999995217031,13,1.1431655,0.0115749833218447
CDKN1A,ZNF148,DecreaseAmount,0.65,1,-0.49272466,0.0480181621826904
CDKN1A,VIM,IncreaseAmount,0.9497812999999999,7,-0.071280174,0.042755939858158
CDKN1A,THBS1,IncreaseAmount,0.65,1,-0.7296994,0.0007273801854097
CDKN1A,BRCA1,IncreaseAmount,0.923,2,1.5878116,0.0261267335660165
CDKN1A,BRCA1,DecreaseAmount,0.65,1,1.5878116,0.0261267335660165
CDKN1A,BRCA1,IncreaseAmount,0.65,1,1.5878116,0.0261267335660165
CDKN1A,SET,IncreaseAmount,0.65,1,0.28454024,9.49679225900084e-05
CDKN1A,CDKN1A,IncreaseAmount,0.65,1,-1.2952994,1.5697408656941143e-14
CDKN1A,CDKN1A,IncreaseAmount,0.65,1,-1.2952994,1.5697408656941143e-14
CDKN1A,CDKN1A,DecreaseAmount,0.65,1,-1.2952994,1.5697408656941143e-14
CDKN1A,CDKN1A,IncreaseAmount,0.65,1,-1.2952994,1.5697408656941143e-14
CDKN1A,CDKN1A,IncreaseAmount,0.65,1,-1.2952994,1.5697408656941143e-14
CDKN1A,CDKN1A,IncreaseAmount,0.65,1,-1.2952994,1.5697408656941143e-14
CDKN1A,CDKN1A,IncreaseAmount,0.65,1,-1.2952994,1.5697408656941143e-14
CDKN1A,CDKN1A,IncreaseAmount,0.9899,4,-1.2952994,1.5697408656941143e-14
CDKN1A,CDKN1A,DecreaseAmount,0.65,1,-1.2952994,1.5697408656941143e-14
CDKN1A,CDKN1A,IncreaseAmount,0.86,2,-1.2952994,1.5697408656941143e-14
CDKN1A,CDKN1A,IncreaseAmount,0.9994949999988261,17,-1.2952994,1.5697408656941143e-14
CDKN1A,CDKN1A,DecreaseAmount,0.999974967195,91,-1.2952994,1.5697408656941143e-14
CDKN1A,CDKN1A,DecreaseAmount,0.9497812999999999,7,-1.2952994,1.5697408656941143e-14
CDKN1A,CDKN1A,IncreaseAmount,0.9999964964888286,99,-1.2952994,1.5697408656941143e-14
TSLP,TIMP1,DecreaseAmount,0.65,1,-0.3117764,0.004187532041935
ARNT,PKN1,DecreaseAmount,0.79,1,0.52537405,0.0038530252802185
ARNT,PKM,IncreaseAmount,0.95,2,0.19717833,0.0137899912667776
ARNT,GYG1,DecreaseAmount,0.79,1,-0.7638555,0.0417098429050816
ARNT,NAMPT,IncreaseAmount,0.65,1,-0.358184,0.0328819425490891
ARNT,MTUS1,DecreaseAmount,0.79,1,0.33070013,0.0157162961038467
ARNT,CCN1,DecreaseAmount,0.65,1,0.35846192,0.0057811704470708
ARNT,TUG1,DecreaseAmount,0.79,1,-0.67258435,0.0279895497440488
ARNT,CTNNB1,DecreaseAmount,0.65,1,-0.51026624,0.022794949285494
ARNT,REEP3,DecreaseAmount,0.79,1,-0.3673012,0.0388924240662249
ARNT,ANKRD17,DecreaseAmount,0.79,1,0.44186068,0.0373491491183218
ARNT,AFF4,DecreaseAmount,0.79,1,-0.5896526,0.0277054098668038
ARNT,UBR5,DecreaseAmount,0.95,2,-0.5193399,0.036927946266608
ARNT,PHF20,DecreaseAmount,0.79,1,-0.4220865,0.0466969317783264
KDM6B,NOTCH1,DecreaseAmount,0.86,2,-1.1600019,0.0455279917233684
KDM6B,NOTCH1,IncreaseAmount,0.94757,5,-1.1600019,0.0455279917233684
KDM6B,ZEB1,IncreaseAmount,0.86,2,-0.4532662,0.0090073483394078
CARD8,CARD8,DecreaseAmount,0.65,1,-1.3586792,5.3406723328867654e-14
CARD8,CARD8,DecreaseAmount,0.9419,3,-1.3586792,5.3406723328867654e-14
GSTO1,GSTO1,DecreaseAmount,0.65,1,-1.3328321,1.144457017838854e-15
CX3CL1,CCL2,DecreaseAmount,0.65,1,0.46314287,0.0386723206574888
CX3CL1,CCL2,IncreaseAmount,0.65,1,0.46314287,0.0386723206574888
RAB5B,RAB5B,DecreaseAmount,0.65,1,-1.444975,0.0001387606862093
PA2G4,SERPINE1,IncreaseAmount,0.65,1,0.20755504,0.0296735299497222
PA2G4,PA2G4,IncreaseAmount,0.65,1,-1.1625093,1.7351897347212362e-16
PA2G4,PA2G4,DecreaseAmount,0.951,3,-1.1625093,1.7351897347212362e-16
TRIP12,TRIP12,DecreaseAmount,0.65,1,-0.95385534,2.4352431180266665e-05
ECE1,ECE1,IncreaseAmount,0.65,1,-0.55918795,3.651979493845118e-07
ECE1,ECE1,DecreaseAmount,0.97305,4,-0.55918795,3.651979493845118e-07
CDKN2B,MKI67,IncreaseAmount,0.65,1,1.1266316,0.0452689960890133
CDKN2B,CDK4,DecreaseAmount,0.9419,4,-0.43708497,0.0328474570943157
CDKN2B,CCNB1,DecreaseAmount,0.65,1,0.9695503,0.0340396220833305
APH1A,APH1A,IncreaseAmount,0.86,1,-0.89065033,0.0036717237716843
APH1A,APH1A,IncreaseAmount,0.65,1,-0.89065033,0.0036717237716843
CTNND1,APP,DecreaseAmount,0.86,2,0.14261414,0.0473960186021968
CTNND1,CTNND1,DecreaseAmount,0.65,1,-1.2984887,2.5499281495596465e-08
CTNND1,CTNND1,IncreaseAmount,0.8775000000000001,2,-1.2984887,2.5499281495596465e-08
CTNND1,CTNND1,DecreaseAmount,0.9497812999999999,6,-1.2984887,2.5499281495596465e-08
EGR1,ATP2B4,IncreaseAmount,0.65,1,0.533723,0.0223068929047652
EGR1,ATP2B4,IncreaseAmount,0.9419,3,0.533723,0.0223068929047652
EGR1,RHOA,IncreaseAmount,0.65,1,0.1582486,0.0170681821417484
EGR1,RHOA,DecreaseAmount,0.79,1,0.1582486,0.0170681821417484
EGR1,JUN,DecreaseAmount,0.65,1,0.35771897,0.0178112588216214
EGR1,JUN,IncreaseAmount,0.86,2,0.35771897,0.0178112588216214
EGR1,ATG12,DecreaseAmount,0.95,2,-0.40771136,0.041334431789558
EGR1,ID1,IncreaseAmount,0.65,1,-0.43312305,0.0470710790804438
EGR1,ID1,IncreaseAmount,0.9804,3,-0.43312305,0.0470710790804438
EGR1,AKAP12,DecreaseAmount,0.79,1,-0.51716936,0.0401641457636242
EGR1,ADAM17,IncreaseAmount,0.65,1,-0.7531247,0.0245179669818565
EGR1,SLC25A23,DecreaseAmount,0.79,1,-0.61746466,0.0365686376788917
EGR1,DYNC1LI1,DecreaseAmount,0.79,1,-0.5099114,0.0143924298896746
EGR1,UBTF,DecreaseAmount,0.95,2,0.4953649,0.0334421240483134
EGR1,TGFB1I1,DecreaseAmount,0.79,1,-0.38498792,0.0177341574634939
EGR1,DDX5,DecreaseAmount,0.79,1,0.15179919,0.0478343929268305
OS9,OS9,IncreaseAmount,0.65,1,-1.4364281,6.168336736023085e-08
RAB1A,VIM,IncreaseAmount,0.86,2,0.05449917,0.027319367628603
RAB1A,VIM,DecreaseAmount,0.86,2,0.05449917,0.027319367628603
RAB1A,RAB1A,DecreaseAmount,0.65,1,-0.3538751,0.0395868207786892
RAB1A,RAB1A,IncreaseAmount,0.86,1,-0.3538751,0.0395868207786892
RAB1A,RAB1A,IncreaseAmount,0.65,1,-0.3538751,0.0395868207786892
TLR4,NR2F6,DecreaseAmount,0.65,1,-0.6609215,0.0158753967379767
TLR4,FN1,IncreaseAmount,0.951,3,0.24844936,0.0433439433849183
TLR4,FBXW7,IncreaseAmount,0.65,1,0.51190275,0.0384441653111862
TLR4,TLR4,IncreaseAmount,0.65,1,-1.5211028,0.0465322722755499
TLR4,TLR4,IncreaseAmount,0.949980317,8,-1.5211028,0.0465322722755499
TLR4,TLR4,DecreaseAmount,0.94993439,8,-1.5211028,0.0465322722755499
TLR4,TLR4,IncreaseAmount,0.9975,136,-1.5211028,0.0465322722755499
TLR4,TLR4,DecreaseAmount,0.997499704755,91,-1.5211028,0.0465322722755499
ACTG1,ACTB,DecreaseAmount,0.65,1,0.2200847,5.94083934078941e-07
ACTG1,WASF2,DecreaseAmount,0.65,1,-0.3950445,0.0281773232110623
ACTG1,ACTG1,DecreaseAmount,0.65,1,-0.88436794,5.830757288089877e-20
NOS3,EDN1,IncreaseAmount,0.65,1,-0.59793997,0.043104663743886
NOS3,EDN1,DecreaseAmount,0.86,2,-0.59793997,0.043104663743886
NOS3,EDN1,IncreaseAmount,0.9816495,5,-0.59793997,0.043104663743886
NOS3,APPL1,IncreaseAmount,0.65,1,0.3595708,0.0298519262401432
NOS3,TGM2,IncreaseAmount,0.65,1,-0.117787674,0.02468464563638
NOS3,NOS3,DecreaseAmount,0.65,1,-1.1164256,0.0115696030498703
NOS3,NOS3,DecreaseAmount,0.65,1,-1.1164256,0.0115696030498703
NOS3,NOS3,IncreaseAmount,0.86,1,-1.1164256,0.0115696030498703
NOS3,NOS3,IncreaseAmount,0.65,1,-1.1164256,0.0115696030498703
NOS3,NOS3,IncreaseAmount,0.94993439,4,-1.1164256,0.0115696030498703
NOS3,NOS3,DecreaseAmount,0.9419,3,-1.1164256,0.0115696030498703
NOS3,NOS3,IncreaseAmount,0.86,2,-1.1164256,0.0115696030498703
NOS3,NOS3,IncreaseAmount,0.997499999999953,66,-1.1164256,0.0115696030498703
NOS3,NOS3,DecreaseAmount,0.997489065,34,-1.1164256,0.0115696030498703
BMPER,PCNA,DecreaseAmount,0.65,1,0.7443756,0.0114885660323374
UQCRC1,UQCRC1,DecreaseAmount,0.86,2,-1.6226808,4.453210348219637e-11
EZR,CTTN,IncreaseAmount,0.65,1,0.34638286,0.0410429742727176
EZR,CTNNB1,DecreaseAmount,0.86,2,-0.5684989,0.0090742043400677
EZR,EZR,IncreaseAmount,0.951,3,-0.42340696,0.0037444256746797
EZR,EZR,DecreaseAmount,0.99299724438,11,-0.42340696,0.0037444256746797
TNXB,BAX,DecreaseAmount,0.86,2,-0.19466251,0.0074598479306732
P2RX7,SREBF1,IncreaseAmount,0.65,1,-0.9253162,0.0330283852826399
P2RX7,CCL2,IncreaseAmount,0.951,3,0.5610984,0.0175120230066466
P2RX7,HSPB1,DecreaseAmount,0.86,2,0.19288,0.0060445664159603
P2RX7,HMGB1,IncreaseAmount,0.65,1,-0.16195768,0.0216793993072927
P2RX7,HMGB1,DecreaseAmount,0.65,1,-0.16195768,0.0216793993072927
P2RX7,CD81,DecreaseAmount,0.65,1,0.16083325,0.0363240087378307
P2RX7,CAV1,IncreaseAmount,0.65,1,-0.21291047,0.0114268755674315
REST,REST,IncreaseAmount,0.86,2,-0.6696598,0.0157351126044829
REST,REST,IncreaseAmount,0.65,1,-0.6696598,0.0157351126044829
REST,REST,IncreaseAmount,0.949999468559,9,-0.6696598,0.0157351126044829
REST,REST,DecreaseAmount,0.86,2,-0.6696598,0.0157351126044829
REST,REST,DecreaseAmount,0.9929997519942,11,-0.6696598,0.0157351126044829
PRKAR1A,PRKAR1A,IncreaseAmount,0.65,1,-0.8642853,4.8475151695377645e-09
PRKAR1A,PRKAR1A,DecreaseAmount,0.86,2,-0.8642853,4.8475151695377645e-09
ITGB4,PTK2,IncreaseAmount,0.65,1,-0.30914155,0.0318194897554889
DNMT3A,CDKN1A,DecreaseAmount,0.65,1,0.3059091,0.0168115697713021
DNMT3A,CDKN1A,DecreaseAmount,0.996388,5,0.3059091,0.0168115697713021
DNMT3A,CDKN1A,IncreaseAmount,0.65,1,0.3059091,0.0168115697713021
POGZ,POGZ,IncreaseAmount,0.65,1,-0.9652684,0.0284897593451093
EDEM2,EDEM2,DecreaseAmount,0.65,1,-1.3492873,0.0018916440748179
IQGAP1,CCND1,IncreaseAmount,0.8775000000000001,2,-0.31111857,0.0177701784671469
IQGAP1,IQGAP1,IncreaseAmount,0.65,1,-0.7138079,1.0897107327220791e-05
IQGAP1,IQGAP1,IncreaseAmount,0.951,2,-0.7138079,1.0897107327220791e-05
IQGAP1,IQGAP1,DecreaseAmount,0.994071,6,-0.7138079,1.0897107327220791e-05
TMEM115,TMEM115,IncreaseAmount,0.65,1,-2.0381942,0.0212671831118692
ARHGAP26,ARHGAP26,IncreaseAmount,0.65,1,-0.8238565,0.0294732759254482
ARHGAP26,ARHGAP26,DecreaseAmount,0.65,1,-0.8238565,0.0294732759254482
PLPP3,CTNNB1,DecreaseAmount,0.65,1,0.39352438,0.0382439780394716
PLPP3,CTNNB1,IncreaseAmount,0.9804,4,0.39352438,0.0382439780394716
ENSA,ENSA,IncreaseAmount,0.65,1,-1.5306007,1.7196602696147483e-09
RGS12,VIM,DecreaseAmount,0.65,1,-0.082251325,0.0066951517654336
RGS12,TEAD1,DecreaseAmount,0.65,1,-0.7452888,0.0375212416859513
POLG,SSBP1,IncreaseAmount,0.65,1,-0.4563767,0.0017219392087685
CLIC1,CLIC1,DecreaseAmount,0.951,3,-2.0142326,2.5544473377889075e-32
CLIC1,CLIC1,IncreaseAmount,0.923,3,-2.0142326,2.5544473377889075e-32
TNFRSF1B,CYCS,IncreaseAmount,0.65,1,-0.32945305,0.0291454783604059
TNFRSF1B,UCP2,IncreaseAmount,0.65,1,0.7498844,0.0290332502821356
TNFRSF1B,TXN,DecreaseAmount,0.86,2,-0.25143313,0.0154426396417367
SOX4,HES1,IncreaseAmount,0.65,1,-0.8383733,0.0416745790339739
SOX4,SOX4,DecreaseAmount,0.94757,5,-0.9442669,6.936561060115683e-07
SOX4,SOX4,IncreaseAmount,0.923,3,-0.9442669,6.936561060115683e-07
SOX4,SOX4,IncreaseAmount,0.9970949907369834,14,-0.9442669,6.936561060115683e-07
MYEOV,CCND1,IncreaseAmount,0.65,1,0.47592026,0.0001143785326805
SMARCC1,SMARCC1,IncreaseAmount,0.65,1,-0.68776613,0.0060627263440625
SMARCC1,SMARCC1,DecreaseAmount,0.65,1,-0.68776613,0.0060627263440625
SMARCC1,SMARCC1,IncreaseAmount,0.9265,1,-0.68776613,0.0060627263440625
NEAT1,NEAT1,DecreaseAmount,0.65,1,-2.377179,5.432939932736682e-32
PDCD6,PDCD6,IncreaseAmount,0.65,1,-0.93209773,6.687019409648356e-07
PHF19,HIF1A,IncreaseAmount,0.65,1,-0.34906313,0.0260208008835908
RAD50,RAD50,DecreaseAmount,0.65,1,-1.1921043,0.0002132684886514
CDH13,AKT3,DecreaseAmount,0.86,2,-0.7100102,0.0157479219327631
RAP1GDS1,RAP1GDS1,DecreaseAmount,0.923,3,-1.219261,0.0006555635144037
THBD,THBD,DecreaseAmount,0.86,2,-1.5611095,2.0501365652457402e-07
THBD,THBD,DecreaseAmount,0.982423455,6,-1.5611095,2.0501365652457402e-07
THBD,THBD,IncreaseAmount,0.99289794,8,-1.5611095,2.0501365652457402e-07
NUB1,NEDD8,IncreaseAmount,0.8775000000000001,2,-0.17037643,0.0413665438924531
NUB1,NEDD8,DecreaseAmount,0.996093867,6,-0.17037643,0.0413665438924531
NUB1,NEDD8,DecreaseAmount,0.923,3,-0.17037643,0.0413665438924531
NUB1,SQSTM1,IncreaseAmount,0.65,1,0.248485,0.0419582276178995
NUB1,NUB1,DecreaseAmount,0.86,1,-2.0136871,8.093254999232249e-07
NUB1,NUB1,DecreaseAmount,0.65,1,-2.0136871,8.093254999232249e-07
HIF1A,DICER1,IncreaseAmount,0.65,1,0.67676073,0.0034062926173334
HIF1A,DICER1,DecreaseAmount,0.65,1,0.67676073,0.0034062926173334
HIF1A,PRDX2,IncreaseAmount,0.65,1,-0.3174951,0.0117748511629572
HIF1A,NR3C1,DecreaseAmount,0.65,1,0.5873461,0.048553108247627
HIF1A,NR3C1,IncreaseAmount,0.923,3,0.5873461,0.048553108247627
HIF1A,NCOA3,DecreaseAmount,0.65,1,0.6560204,0.0004262256096631
HIF1A,LYN,DecreaseAmount,0.65,1,0.6425842,0.0130497290985694
HIF1A,LDHB,DecreaseAmount,0.951,3,-0.16105886,0.0248400493980227
HIF1A,ITGA2,IncreaseAmount,0.65,1,0.35955805,0.0340027338719182
HIF1A,ATG12,DecreaseAmount,0.65,1,-0.51674914,0.0409066208640222
HIF1A,APEX1,IncreaseAmount,0.65,1,-0.33627504,0.0439593176840549
HIF1A,APEX1,DecreaseAmount,0.9615,2,-0.33627504,0.0439593176840549
HIF1A,EPAS1,IncreaseAmount,0.9816495,6,-0.51184994,0.0209171606115409
HIF1A,EPAS1,DecreaseAmount,0.9974635419121588,18,-0.51184994,0.0209171606115409
HIF1A,EPAS1,DecreaseAmount,0.65,1,-0.51184994,0.0209171606115409
HIF1A,HUWE1,IncreaseAmount,0.65,1,0.33722338,0.0499821171794213
HIF1A,RER1,IncreaseAmount,0.65,1,0.32888117,0.0398658004903113
HIF1A,HIF1A,DecreaseAmount,0.65,1,-0.38869473,0.0076600843663483
HIF1A,HIF1A,DecreaseAmount,0.65,1,-0.38869473,0.0076600843663483
HIF1A,HIF1A,DecreaseAmount,0.65,1,-0.38869473,0.0076600843663483
HIF1A,HIF1A,DecreaseAmount,0.86,2,-0.38869473,0.0076600843663483
HIF1A,HIF1A,DecreaseAmount,0.89,1,-0.38869473,0.0076600843663483
HIF1A,HIF1A,IncreaseAmount,0.89,1,-0.38869473,0.0076600843663483
HIF1A,HIF1A,DecreaseAmount,0.89,1,-0.38869473,0.0076600843663483
HIF1A,HIF1A,DecreaseAmount,0.9615,1,-0.38869473,0.0076600843663483
HIF1A,HIF1A,DecreaseAmount,0.65,1,-0.38869473,0.0076600843663483
HIF1A,HIF1A,IncreaseAmount,0.65,1,-0.38869473,0.0076600843663483
HIF1A,HIF1A,IncreaseAmount,0.65,1,-0.38869473,0.0076600843663483
HIF1A,HIF1A,IncreaseAmount,0.65,1,-0.38869473,0.0076600843663483
HIF1A,HIF1A,DecreaseAmount,0.994499999526486,11,-0.38869473,0.0076600843663483
HIF1A,HIF1A,DecreaseAmount,0.9999994225,112,-0.38869473,0.0076600843663483
HIF1A,HIF1A,IncreaseAmount,0.9944999999573837,17,-0.38869473,0.0076600843663483
HIF1A,HIF1A,IncreaseAmount,0.9999978825,139,-0.38869473,0.0076600843663483
HIF1A,HIF1A,DecreaseAmount,0.65,1,-0.38869473,0.0076600843663483
EVL,CFL1,IncreaseAmount,0.65,1,0.15382816,0.0066347264210461
FLII,FLII,DecreaseAmount,0.9419,4,-1.0420303,0.0016319050482479
FLII,FLII,IncreaseAmount,0.86,2,-1.0420303,0.0016319050482479
EHMT2,CCND1,IncreaseAmount,0.65,1,-0.25071907,0.0043575434779654
DHODH,CDKN1A,IncreaseAmount,0.65,1,0.26385847,0.0477798420158112
LMAN1,LMAN1,IncreaseAmount,0.65,1,-1.348268,3.446979186718562e-14
NUCB1,NUCB1,IncreaseAmount,0.65,1,-1.4924259,4.802707812018589e-10
NUCB1,NUCB1,DecreaseAmount,0.65,1,-1.4924259,4.802707812018589e-10
TRAF6,MYC,IncreaseAmount,0.65,1,-0.42089328,0.0438001448855314
TRAF6,HIF1A,IncreaseAmount,0.997091188059,12,0.40533268,0.003631975299527
TRAF6,CCN2,IncreaseAmount,0.65,1,0.5287909,0.0006783142011848
NFKB2,CD99,DecreaseAmount,0.65,1,-0.11854488,0.0016388613553889
DGKA,DGKA,IncreaseAmount,0.8775000000000001,1,-1.9368999,6.19590100197614e-06
DGKA,DGKA,DecreaseAmount,0.8775000000000001,1,-1.9368999,6.19590100197614e-06
DGKA,DGKA,DecreaseAmount,0.65,1,-1.9368999,6.19590100197614e-06
DGKA,DGKA,IncreaseAmount,0.65,1,-1.9368999,6.19590100197614e-06
RBFOX2,PTEN,IncreaseAmount,0.86,2,-0.5598252,0.0382648088290242
RBFOX2,PTEN,IncreaseAmount,0.9419,2,-0.5598252,0.0382648088290242
RBFOX2,PRPF6,DecreaseAmount,0.65,1,-0.4597227,0.0083578094361105
UBA5,UFM1,DecreaseAmount,0.65,1,0.33813715,0.0437485720958278
IGFBP2,STAT3,IncreaseAmount,0.65,1,-0.57174045,0.0344555474446345
VAMP8,VAMP8,DecreaseAmount,0.86,2,-2.1143038,9.84264094391468e-07
VAMP8,VAMP8,IncreaseAmount,0.65,1,-2.1143038,9.84264094391468e-07
S100A10,S100A10,DecreaseAmount,0.923,2,-0.98901904,9.054222481724972e-21
S100A10,S100A10,IncreaseAmount,0.86,2,-0.98901904,9.054222481724972e-21
S100A10,S100A10,DecreaseAmount,0.65,1,-0.98901904,9.054222481724972e-21
REPIN1,RABAC1,DecreaseAmount,0.79,1,-0.14038385,0.0384902499153413
REPIN1,RAB5B,DecreaseAmount,0.79,1,0.40847537,0.0397674514632104
REPIN1,NOVA1,DecreaseAmount,0.79,1,-0.40611282,0.0210704380210996
REPIN1,MEF2C,DecreaseAmount,0.79,1,-0.717929,0.0350557434524507
REPIN1,DUSP1,DecreaseAmount,0.79,1,-0.56085104,0.0478236510474421
REPIN1,POLR3GL,DecreaseAmount,0.79,1,-0.43364325,0.0099331183864892
REPIN1,RNF216,DecreaseAmount,0.79,1,0.47380176,0.0347770677517664
REPIN1,CLEC14A,DecreaseAmount,0.79,1,0.2927857,0.0347173231770352
REPIN1,PLAAT3,DecreaseAmount,0.79,1,0.2958915,0.037793348622002
REPIN1,CALM3,DecreaseAmount,0.95,2,-0.22371696,0.0428243380850227
DKK1,HDGF,DecreaseAmount,0.65,1,-0.6122979,0.0012924014622371
DKK1,HDGF,IncreaseAmount,0.65,1,-0.6122979,0.0012924014622371
DKK1,CDKN1A,DecreaseAmount,0.94757,3,0.29268342,0.0174239018375208
DKK1,CDKN1A,DecreaseAmount,0.86,2,0.29268342,0.0174239018375208
DKK1,CDKN1A,IncreaseAmount,0.949980317,9,0.29268342,0.0174239018375208
FYN,MAPRE1,DecreaseAmount,0.65,1,0.3509116,0.0231804814237057
RAB13,RAB13,DecreaseAmount,0.9419,4,-1.629307,5.071930801548485e-21
PAK2,PAK2,DecreaseAmount,0.86,2,-1.0038497,1.0705682736227045e-08
ST3GAL4,NFE2L2,DecreaseAmount,0.9419,4,-0.49923256,0.0193674619647371
ST3GAL4,NFE2L2,IncreaseAmount,0.949271,6,-0.49923256,0.0193674619647371
ST3GAL4,NFE2L1,DecreaseAmount,0.86,2,-0.50311095,0.0318641015979841
ST3GAL4,IDE,DecreaseAmount,0.923,3,-1.0597451,0.0229490757929259
ST3GAL4,IDE,IncreaseAmount,0.9419,4,-1.0597451,0.0229490757929259
ST3GAL4,EDN1,IncreaseAmount,0.923,3,-0.57079846,0.0382931753946243
ST3GAL4,DNMT1,DecreaseAmount,0.65,1,-0.8127267,0.0085584878075992
ST3GAL4,CCN2,DecreaseAmount,0.65,1,-0.48566395,0.0054542727725477
ST3GAL4,CCN2,IncreaseAmount,0.86,2,-0.48566395,0.0054542727725477
NOTCH4,INTS3,IncreaseAmount,0.65,1,0.95678365,0.010065886030035
NOTCH4,ACTA2,IncreaseAmount,0.89,1,0.6917858,0.0357036638535219
NOTCH4,NOTCH4,IncreaseAmount,0.65,1,-1.9839098,6.976869724927102e-05
IBTK,IBTK,DecreaseAmount,0.65,1,-1.2607226,0.0143499415052029
P4HA2,P4HA2,DecreaseAmount,0.65,1,-1.6481285,2.054878092929701e-12
GSS,NR3C1,DecreaseAmount,0.65,1,-1.0646657,0.042761912467573
GSS,NR3C1,IncreaseAmount,0.86,2,-1.0646657,0.042761912467573
GSS,GSS,IncreaseAmount,0.65,1,-1.7924072,2.043711686858635e-06
FAM126A,BAX,IncreaseAmount,0.65,1,0.22034806,0.0277168864523068
FAM126A,PAFAH1B1,DecreaseAmount,0.65,1,0.4008237,0.0361199123348932
FAM126A,FOXA1,IncreaseAmount,0.65,1,0.84934944,0.0360792361134308
FAM126A,TM4SF1,IncreaseAmount,0.65,1,-0.1734202,0.0491770205847418
CHUK,NUMB,DecreaseAmount,0.923,3,-0.55841154,0.0089225514392756
CHUK,NUMB,IncreaseAmount,0.65,1,-0.55841154,0.0089225514392756
SCARB1,CD81,DecreaseAmount,0.65,1,-0.19226862,0.0334262253415096
SCARB1,CD81,IncreaseAmount,0.65,1,-0.19226862,0.0334262253415096
SCARB1,SCARB1,IncreaseAmount,0.949999468559,10,-1.2246113,1.3046612056839526e-06
SCARB1,SCARB1,DecreaseAmount,0.65,1,-1.2246113,1.3046612056839526e-06
SCARB1,SCARB1,DecreaseAmount,0.65,1,-1.2246113,1.3046612056839526e-06
SCARB1,SCARB1,DecreaseAmount,0.65,1,-1.2246113,1.3046612056839526e-06
SCARB1,SCARB1,IncreaseAmount,0.86,2,-1.2246113,1.3046612056839526e-06
SCARB1,SCARB1,DecreaseAmount,0.86,1,-1.2246113,1.3046612056839526e-06
SCARB1,SCARB1,DecreaseAmount,0.94993439,4,-1.2246113,1.3046612056839526e-06
MMP11,LGALS1,DecreaseAmount,0.65,1,-0.42673224,9.232016368883129e-05
KIF3A,KIF3A,IncreaseAmount,0.86,2,-1.146618,0.0158990305813747
UBE2D1,UBE2D1,DecreaseAmount,0.65,1,-2.3706007,6.485462239333075e-05
USP25,USP25,DecreaseAmount,0.65,1,-1.8783221,0.0008697112487895
USP25,USP25,DecreaseAmount,0.97305,3,-1.8783221,0.0008697112487895
YES1,YES1,DecreaseAmount,0.65,1,-1.2443154,2.4488801912140045e-07
YES1,YES1,IncreaseAmount,0.65,1,-1.2443154,2.4488801912140045e-07
TNFSF10,ANXA5,IncreaseAmount,0.65,1,-0.22490418,0.0137883599893319
TNFSF10,GSK3B,IncreaseAmount,0.89,1,0.4995617,0.0362575749395158
TNFSF10,MTCH2,IncreaseAmount,0.65,1,-0.36501288,0.0451926557311884
OPTN,CALCOCO2,DecreaseAmount,0.86,2,0.47183535,0.017920285728126
OPTN,OPTN,IncreaseAmount,0.86,2,-1.4331818,2.191338676043378e-07
OPTN,OPTN,DecreaseAmount,0.949271,6,-1.4331818,2.191338676043378e-07
PMVK,PMVK,IncreaseAmount,0.65,1,-2.0422199,0.0027943805932608
AGTRAP,AGTRAP,DecreaseAmount,0.65,1,-2.1480668,9.495402490938329e-06
IRF1,RBMS2,DecreaseAmount,0.79,1,0.6456912,0.0087214682615805
IRF1,PTMA,DecreaseAmount,0.95,2,-0.122388385,0.0068121571202687
IRF1,PSME2,DecreaseAmount,0.79,1,-0.41694582,0.0085120505254737
IRF1,PSMB9,IncreaseAmount,0.65,1,-0.7327445,0.021741020407979
IRF1,PSMB9,DecreaseAmount,0.9265,2,-0.7327445,0.021741020407979
IRF1,PSMB9,IncreaseAmount,0.99461,3,-0.7327445,0.021741020407979
IRF1,PSMB8,DecreaseAmount,0.95,2,-0.47529554,0.0152603052899011
IRF1,NFAT5,DecreaseAmount,0.79,1,0.5779299,0.0301496250874568
IRF1,CUL2,DecreaseAmount,0.95,2,-0.61643535,0.0442365205793374
IRF1,C1orf122,DecreaseAmount,0.79,1,0.4136699,0.0127912547026512
IRF1,HIPK1,DecreaseAmount,0.79,1,0.68820685,0.0270348061956962
IRF1,LSM6,DecreaseAmount,0.79,1,0.3794716,0.0424770498774203
IRF1,SEMA3A,DecreaseAmount,0.79,1,0.529929,0.0093885810865658
CCL2,SAMHD1,IncreaseAmount,0.65,1,0.64831704,0.0186054904183772
CCL2,TGFB1,IncreaseAmount,0.951,3,0.3564854,0.0414901091221891
CCL2,DUSP6,IncreaseAmount,0.65,1,0.32526508,0.0410054909220131
CCL2,CCL2,IncreaseAmount,0.65,1,-0.8694972,0.004177337834497
CCL2,CCL2,DecreaseAmount,0.65,1,-0.8694972,0.004177337834497
CCL2,CCL2,IncreaseAmount,0.65,1,-0.8694972,0.004177337834497
CCL2,CCL2,IncreaseAmount,0.86,2,-0.8694972,0.004177337834497
CCL2,CCL2,DecreaseAmount,0.9929999999985355,22,-0.8694972,0.004177337834497
CCL2,CCL2,IncreaseAmount,0.999082475,43,-0.8694972,0.004177337834497
CREB1,RAB1A,DecreaseAmount,0.79,1,-0.5340898,0.0028892539672896
CREB1,SRGN,IncreaseAmount,0.86,2,0.23173778,0.001499176784331
CREB1,PKM,IncreaseAmount,0.987599,2,0.21393381,0.0256476235255784
CREB1,ATF4,IncreaseAmount,0.982423455,8,0.27738303,0.0442104940624914
CREB1,DGUOK,DecreaseAmount,0.79,1,0.44724166,0.0130387663720282
CREB1,RIPOR1,DecreaseAmount,0.989936,6,-0.80884266,0.0189181684573049
CREB1,AKIRIN1,DecreaseAmount,0.989936,6,-0.5594538,0.0283702364926907
CREB1,RBM15B,DecreaseAmount,0.79,1,0.93461627,0.023337771283891
CREB1,COX8A,DecreaseAmount,0.79,1,0.16714917,0.0442918698661975
CREB1,USP48,DecreaseAmount,0.9884,4,0.42720142,0.0048667778866792
CREB1,SPAG9,DecreaseAmount,0.98968,5,0.4160189,0.0267243598058408
CREB1,CALM2,DecreaseAmount,0.982,3,-0.14880651,0.0332450174530837
CREB1,SLC38A2,DecreaseAmount,0.79,1,-0.39090374,0.0236995539531268
CREB1,TPT1,DecreaseAmount,0.982,3,-0.091309085,0.006186914939152
CREB1,SSNA1,DecreaseAmount,0.79,1,-0.49340883,0.008243829605242
CREB1,SREBF2,DecreaseAmount,0.9899872,7,0.67354107,0.0116917169962256
CREB1,CREB1,DecreaseAmount,0.9846,2,-1.3376337,0.0319993752857765
CREB1,CREB1,IncreaseAmount,0.65,1,-1.3376337,0.0319993752857765
CREB1,CREB1,DecreaseAmount,0.89,1,-1.3376337,0.0319993752857765
CREB1,CREB1,IncreaseAmount,0.99614986359681,13,-1.3376337,0.0319993752857765
KPNA2,ICAM1,IncreaseAmount,0.65,1,0.8083568,0.0162467947161725
DHCR24,DHCR24,IncreaseAmount,0.94757,5,-0.79332685,0.0008994234424679
PMAIP1,USP9X,DecreaseAmount,0.65,1,-0.55212045,0.0284456280485069
PMAIP1,TIMP1,IncreaseAmount,0.65,1,0.28804696,0.0106684119349587
PMAIP1,PMAIP1,IncreaseAmount,0.65,1,-1.3276415,0.0054602362996755
PMAIP1,PMAIP1,IncreaseAmount,0.86,2,-1.3276415,0.0054602362996755
PMAIP1,PMAIP1,IncreaseAmount,0.9499998405677,10,-1.3276415,0.0054602362996755
NRP1,NRP1,IncreaseAmount,0.65,1,-1.2174689,6.398393401994258e-10
NRP1,NRP1,IncreaseAmount,0.65,1,-1.2174689,6.398393401994258e-10
NRP1,NRP1,IncreaseAmount,0.65,1,-1.2174689,6.398393401994258e-10
NRP1,NRP1,IncreaseAmount,0.94999995217031,11,-1.2174689,6.398393401994258e-10
NRP1,NRP1,DecreaseAmount,0.9970526451,10,-1.2174689,6.398393401994258e-10
FLI1,PHLDA1,DecreaseAmount,0.9615,2,-0.7174093,0.0450820900791216
FLI1,CD99,IncreaseAmount,0.65,1,-0.10899077,0.0474090205372784
FLI1,SMAD5,DecreaseAmount,0.65,1,-0.46360576,0.0177634565891165
FLI1,SMAD1,DecreaseAmount,0.65,1,-1.0614545,9.267141942312028e-05
FLI1,JAK1,DecreaseAmount,0.65,1,-0.31356797,0.0299590336971604
FLI1,CAV1,DecreaseAmount,0.65,1,-0.21794005,0.0033872025537661
FLI1,FLI1,IncreaseAmount,0.9419,4,-0.5976909,0.034094955005109
FLI1,FLI1,IncreaseAmount,0.9996804122617841,11,-0.5976909,0.034094955005109
FLI1,FLI1,DecreaseAmount,0.9926598,6,-0.5976909,0.034094955005109
FLI1,FLI1,DecreaseAmount,0.65,1,-0.5976909,0.034094955005109
SMARCB1,SMARCB1,IncreaseAmount,0.65,1,-0.75309485,0.0095706670891052
SMARCB1,SMARCB1,DecreaseAmount,0.86,2,-0.75309485,0.0095706670891052
SMARCB1,SMARCB1,IncreaseAmount,0.949271,5,-0.75309485,0.0095706670891052
SMARCB1,SMARCB1,DecreaseAmount,0.992969382,7,-0.75309485,0.0095706670891052
TYRO3,BAX,DecreaseAmount,0.65,1,-0.21892014,0.0278602720314031
UIMC1,TP53,DecreaseAmount,0.65,1,0.61851144,0.0349120690512617
VWF,SERPINE1,DecreaseAmount,0.86,2,0.20808381,0.0244273273189866
VWF,NEU1,IncreaseAmount,0.65,1,-0.9035391,0.0475940067139432
FZD6,FZD6,IncreaseAmount,0.65,1,-2.218034,1.0723662606424533e-07
FZD6,FZD6,IncreaseAmount,0.86,1,-2.218034,1.0723662606424533e-07
IRF3,JUN,DecreaseAmount,0.65,1,0.42041352,0.0308934083139893
IRF3,STK4,IncreaseAmount,0.923,3,0.59664863,0.0131672968139664
IRF3,BST2,IncreaseAmount,0.65,1,0.21639295,0.027520903759458
IRF3,IRF3,IncreaseAmount,0.86,2,-0.9668767,0.0189898701364946
IRF3,IRF3,IncreaseAmount,0.996148484409,10,-0.9668767,0.0189898701364946
IRF3,IRF3,DecreaseAmount,0.65,1,-0.9668767,0.0189898701364946
IRF3,IRF3,DecreaseAmount,0.923,3,-0.9668767,0.0189898701364946
IRF3,IRF3,DecreaseAmount,0.9974890625980551,17,-0.9668767,0.0189898701364946
UGGT1,PSAP,DecreaseAmount,0.9419,4,-0.24515034,0.0429322698941704
UGGT1,HSPA5,DecreaseAmount,0.65,1,0.60708374,5.172430491664529e-07
UGGT1,CALR,DecreaseAmount,0.65,1,0.8130566,2.7616640781788257e-19
AGER,BAX,DecreaseAmount,0.65,1,-0.2845951,0.023645491471094
AGER,BAX,IncreaseAmount,0.86,1,-0.2845951,0.023645491471094
AGER,BAX,IncreaseAmount,0.65,1,-0.2845951,0.023645491471094
AGER,BAX,DecreaseAmount,0.86,1,-0.2845951,0.023645491471094
AGER,HSPA5,IncreaseAmount,0.65,1,-0.2459832,0.023685890116451
STAT5A,PLS3,DecreaseAmount,0.79,1,0.28458688,0.0478989787182687
STAT5A,APBB2,DecreaseAmount,0.79,1,0.7019776,0.023404352891188
STAT5A,FLI1,DecreaseAmount,0.79,1,0.54763675,0.049614876732086
STAT5A,SETD7,DecreaseAmount,0.79,1,0.8322059,0.0060794559752613
STAT5A,TINAGL1,DecreaseAmount,0.79,1,0.31805572,0.006490911911771
STAT5A,ASXL1,DecreaseAmount,0.95,2,0.57049686,0.0016788142289661
STAT5A,LETM2,DecreaseAmount,0.79,1,-0.69545716,0.02423814282829
STAT5A,CALR,DecreaseAmount,0.79,1,0.2123449,0.0146810634166021
TRAPPC6A,TRAPPC6A,DecreaseAmount,0.65,1,-0.8654032,0.0235342247005234
