source,target,stmt_type,statement_text,belief,evidence_count,logfoldchange,pval
PVT1,SERPINE1,IncreaseAmount,PVT1 increases the amount of SERPINE1,0.65,1,-0.35493845,7.112233536471432e-06
PVT1,FN1,IncreaseAmount,PVT1 increases the amount of FN1,0.65,1,-0.47435996,0.00011333385192
PVT1,PVT1,DecreaseAmount,PVT1 decreases the amount of PVT1,0.65,1,-0.7423178,1.3645814407919928e-05
CSDE1,RAC1,DecreaseAmount,CSDE1 decreases the amount of RAC1,0.65,1,0.16537592,0.0294468495371188
CSDE1,PABPC1,DecreaseAmount,CSDE1 decreases the amount of PABPC1,0.65,1,-0.32858723,6.755759077935938e-06
CSDE1,CSDE1,IncreaseAmount,CSDE1 increases the amount of CSDE1,0.65,1,-1.2783042,7.301537991618216e-18
CSDE1,CSDE1,DecreaseAmount,CSDE1 decreases the amount of CSDE1,0.923,2,-1.2783042,7.301537991618216e-18
CSDE1,CSDE1,DecreaseAmount,CSDE1 (modified) decreases the amount of CSDE1,0.65,1,-1.2783042,7.301537991618216e-18
PROX1,VIM,DecreaseAmount,PROX1 decreases the amount of VIM,0.65,1,-0.049339272,0.0467411591949621
PROX1,VIM,IncreaseAmount,PROX1 (modified) increases the amount of VIM,0.65,1,-0.049339272,0.0467411591949621
ARPC2,ARPC2,DecreaseAmount,ARPC2 decreases the amount of ARPC2,0.65,1,-1.0759392,6.217660175321076e-19
GTF3A,PTMA,DecreaseAmount,GTF3A decreases the amount of PTMA,0.79,1,0.09839852,0.0368924168442203
GTF3A,PPP1CA,DecreaseAmount,GTF3A decreases the amount of PPP1CA,0.79,1,-0.321554,0.0253984248018205
GTF3A,MGAT4B,DecreaseAmount,GTF3A decreases the amount of MGAT4B,0.79,1,-0.6079954,0.0128373521988502
GTF3A,IGFBP7,DecreaseAmount,GTF3A decreases the amount of IGFBP7,0.79,1,-0.26380828,0.0027979962465261
GTF3A,USP48,DecreaseAmount,GTF3A decreases the amount of USP48,0.79,1,-0.4849001,0.0041689339895972
GTF3A,MGLL,DecreaseAmount,GTF3A decreases the amount of MGLL,0.79,1,-0.35006994,0.0418226534186809
GTF3A,ANP32A,DecreaseAmount,GTF3A decreases the amount of ANP32A,0.79,1,0.38180038,0.0171418351315564
GTF3A,RRAS,DecreaseAmount,GTF3A decreases the amount of RRAS,0.79,1,-0.26408368,0.0142071010922093
GTF3A,GTF3A,IncreaseAmount,GTF3A increases the amount of GTF3A,0.65,1,-1.425571,2.872546354928428e-16
SMAD3,IGFBP7,IncreaseAmount,SMAD3 increases the amount of IGFBP7,0.65,1,-0.12610146,0.0300643218747942
SMAD3,CCBE1,DecreaseAmount,SMAD3 decreases the amount of CCBE1,0.65,1,0.29945764,0.02321733521116
SMAD3,TXNDC12,DecreaseAmount,SMAD3 decreases the amount of TXNDC12,0.79,1,0.40882954,0.0053312003876884
SMAD3,YBX3,DecreaseAmount,SMAD3 decreases the amount of YBX3,0.79,1,0.10578515,0.0264129588337443
SMAD3,CEBPB,IncreaseAmount,SMAD3 increases the amount of CEBPB,0.65,1,0.26393557,0.04656566464925
SMAD3,CEBPB,DecreaseAmount,SMAD3 (modified) decreases the amount of CEBPB,0.65,1,0.26393557,0.04656566464925
SMAD3,VIM,DecreaseAmount,SMAD3 decreases the amount of VIM,0.65,1,0.05458241,0.0148957174021581
SMAD3,VIM,IncreaseAmount,SMAD3 (phosphorylated) increases the amount of VIM,0.65,1,0.05458241,0.0148957174021581
SMAD3,VIM,IncreaseAmount,SMAD3 increases the amount of VIM,0.923,2,0.05458241,0.0148957174021581
SMAD3,TOP1,DecreaseAmount,SMAD3 decreases the amount of TOP1,0.79,1,-0.2219405,0.0107313815371814
SMAD3,SPOP,DecreaseAmount,SMAD3 decreases the amount of SPOP,0.65,1,0.30405352,0.0191538988875915
SMAD3,BHLHE40,IncreaseAmount,SMAD3 increases the amount of BHLHE40,0.86,1,0.2907017,0.0420383021477113
SMAD3,BHLHE40,IncreaseAmount,SMAD3 (modified) increases the amount of BHLHE40,0.65,1,0.2907017,0.0420383021477113
SMAD3,SMAD3,IncreaseAmount,SMAD3 (modified) increases the amount of SMAD3,0.9972,2,-0.35245287,0.0078766327157389
SMAD3,SMAD3,IncreaseAmount,SMAD3 (phosphorylated on S425) increases the amount of SMAD3,0.89,1,-0.35245287,0.0078766327157389
SMAD3,SMAD3,IncreaseAmount,SMAD3 (phosphorylated on S423) increases the amount of SMAD3,0.89,1,-0.35245287,0.0078766327157389
SMAD3,SMAD3,IncreaseAmount,SMAD3 increases the amount of SMAD3,0.65,1,-0.35245287,0.0078766327157389
SMAD3,SMAD3,IncreaseAmount,SMAD3 increases the amount of SMAD3,0.999949270999607,21,-0.35245287,0.0078766327157389
SMAD3,SMAD3,DecreaseAmount,SMAD3 decreases the amount of SMAD3,0.9974635499982312,23,-0.35245287,0.0078766327157389
SMAD3,SMAD3,DecreaseAmount,SMAD3 (modified) decreases the amount of SMAD3,0.923,3,-0.35245287,0.0078766327157389
KDELR2,HSPA5,DecreaseAmount,KDELR2 (modified) decreases the amount of HSPA5,0.65,1,0.5912163,1.301346017904122e-07
ECM1,RHOC,IncreaseAmount,ECM1 increases the amount of RHOC,0.65,1,-0.25478002,0.0330269305612142
ECM1,LDHA,IncreaseAmount,ECM1 (modified) increases the amount of LDHA,0.65,1,0.25323635,0.038852390521236
ECM1,LDHA,IncreaseAmount,ECM1 increases the amount of LDHA,0.9419,3,0.25323635,0.038852390521236
PDLIM7,MCL1,IncreaseAmount,PDLIM7 increases the amount of MCL1,0.65,1,-0.38493767,0.0060490476317499
HMGCR,NFKBIA,DecreaseAmount,HMGCR decreases the amount of NFKBIA,0.89,1,0.74922,0.023206519171612
HMGCR,HMGCR,IncreaseAmount,HMGCR increases the amount of HMGCR,0.65,1,-1.4331535,1.747998499482162e-08
HMGCR,HMGCR,DecreaseAmount,HMGCR decreases the amount of HMGCR,0.86,2,-1.4331535,1.747998499482162e-08
HMGCR,HMGCR,IncreaseAmount,HMGCR (modified) increases the amount of HMGCR,0.86,2,-1.4331535,1.747998499482162e-08
HMGCR,HMGCR,IncreaseAmount,HMGCR increases the amount of HMGCR,0.94993439,5,-1.4331535,1.747998499482162e-08
ROCK2,ROCK2,IncreaseAmount,ROCK2 increases the amount of ROCK2,0.979665,5,-0.88223946,1.3472157940994294e-05
ROCK2,ROCK2,DecreaseAmount,ROCK2 decreases the amount of ROCK2,0.9419,4,-0.88223946,1.3472157940994294e-05
TMED10,TMED10,DecreaseAmount,TMED10 decreases the amount of TMED10,0.86,2,-1.012019,5.469713553092518e-12
GNAS,NFE2L2,DecreaseAmount,GNAS decreases the amount of NFE2L2,0.65,1,-0.3866449,0.0375699755891538
GNAS,NFE2L2,IncreaseAmount,GNAS increases the amount of NFE2L2,0.65,1,-0.3866449,0.0375699755891538
GNAS,GNAS,IncreaseAmount,GNAS increases the amount of GNAS,0.65,1,-0.998461,4.850351747575032e-24
GNAS,GNAS,DecreaseAmount,GNAS decreases the amount of GNAS,0.86,2,-0.998461,4.850351747575032e-24
GNAS,GNAS,DecreaseAmount,GNAS decreases the amount of GNAS,0.991866,4,-0.998461,4.850351747575032e-24
GNAS,GNAS,IncreaseAmount,GNAS increases the amount of GNAS,0.9926598,6,-0.998461,4.850351747575032e-24
PVR,LAMP1,IncreaseAmount,PVR increases the amount of LAMP1,0.65,1,-0.7209777,1.8928703474290473e-05
PVR,PVR,DecreaseAmount,PVR (sumoylation) decreases the amount of PVR,0.65,1,-0.97101885,0.0011755252986277
PVR,PVR,IncreaseAmount,PVR increases the amount of PVR,0.949271,5,-0.97101885,0.0011755252986277
PVR,PVR,DecreaseAmount,PVR decreases the amount of PVR,0.97305,3,-0.97101885,0.0011755252986277
PVR,PVR,IncreaseAmount,PVR (modified) increases the amount of PVR,0.65,1,-0.97101885,0.0011755252986277
TIMM9,TIMM9,DecreaseAmount,TIMM9 decreases the amount of TIMM9,0.65,1,-0.97201425,0.0087734557715464
OMA1,CYCS,IncreaseAmount,OMA1 increases the amount of CYCS,0.65,1,0.34774268,0.0113870133673438
TSLP,TIMP1,DecreaseAmount,TSLP decreases the amount of TIMP1,0.65,1,-0.3117764,0.004187532041935
ARNT,PKN1,DecreaseAmount,ARNT decreases the amount of PKN1,0.79,1,0.52537405,0.0038530252802185
ARNT,PKM,IncreaseAmount,ARNT increases the amount of PKM,0.95,2,0.19717833,0.0137899912667776
ARNT,GYG1,DecreaseAmount,ARNT decreases the amount of GYG1,0.79,1,-0.7638555,0.0417098429050816
ARNT,NAMPT,IncreaseAmount,ARNT increases the amount of NAMPT,0.65,1,-0.358184,0.0328819425490891
ARNT,MTUS1,DecreaseAmount,ARNT decreases the amount of MTUS1,0.79,1,0.33070013,0.0157162961038467
ARNT,CCN1,DecreaseAmount,ARNT decreases the amount of CCN1,0.65,1,0.35846192,0.0057811704470708
ARNT,TUG1,DecreaseAmount,ARNT decreases the amount of TUG1,0.79,1,-0.67258435,0.0279895497440488
ARNT,CTNNB1,DecreaseAmount,ARNT decreases the amount of CTNNB1,0.65,1,-0.51026624,0.022794949285494
ARNT,REEP3,DecreaseAmount,ARNT decreases the amount of REEP3,0.79,1,-0.3673012,0.0388924240662249
ARNT,ANKRD17,DecreaseAmount,ARNT decreases the amount of ANKRD17,0.79,1,0.44186068,0.0373491491183218
ARNT,AFF4,DecreaseAmount,ARNT decreases the amount of AFF4,0.79,1,-0.5896526,0.0277054098668038
ARNT,UBR5,DecreaseAmount,ARNT decreases the amount of UBR5,0.95,2,-0.5193399,0.036927946266608
ARNT,PHF20,DecreaseAmount,ARNT decreases the amount of PHF20,0.79,1,-0.4220865,0.0466969317783264
KDM6B,NOTCH1,DecreaseAmount,KDM6B decreases the amount of NOTCH1,0.86,2,-1.1600019,0.0455279917233684
KDM6B,NOTCH1,IncreaseAmount,KDM6B increases the amount of NOTCH1,0.94757,5,-1.1600019,0.0455279917233684
KDM6B,ZEB1,IncreaseAmount,KDM6B increases the amount of ZEB1,0.86,2,-0.4532662,0.0090073483394078
CARD8,CARD8,DecreaseAmount,CARD8 decreases the amount of CARD8,0.65,1,-1.3586792,5.3406723328867654e-14
CARD8,CARD8,DecreaseAmount,CARD8 decreases the amount of CARD8,0.9419,3,-1.3586792,5.3406723328867654e-14
GSTO1,GSTO1,DecreaseAmount,GSTO1 (modified) decreases the amount of GSTO1,0.65,1,-1.3328321,1.144457017838854e-15
CX3CL1,CCL2,DecreaseAmount,CX3CL1 decreases the amount of CCL2,0.65,1,0.46314287,0.0386723206574888
CX3CL1,CCL2,IncreaseAmount,CX3CL1 increases the amount of CCL2,0.65,1,0.46314287,0.0386723206574888
RAB5B,RAB5B,DecreaseAmount,RAB5B decreases the amount of RAB5B,0.65,1,-1.444975,0.0001387606862093
PA2G4,SERPINE1,IncreaseAmount,PA2G4 increases the amount of SERPINE1,0.65,1,0.20755504,0.0296735299497222
PA2G4,PA2G4,IncreaseAmount,PA2G4 increases the amount of PA2G4,0.65,1,-1.1625093,1.7351897347212362e-16
PA2G4,PA2G4,DecreaseAmount,PA2G4 decreases the amount of PA2G4,0.951,3,-1.1625093,1.7351897347212362e-16
TRIP12,TRIP12,DecreaseAmount,TRIP12 decreases the amount of TRIP12,0.65,1,-0.95385534,2.4352431180266665e-05
ECE1,ECE1,IncreaseAmount,ECE1 increases the amount of ECE1,0.65,1,-0.55918795,3.651979493845118e-07
ECE1,ECE1,DecreaseAmount,ECE1 decreases the amount of ECE1,0.97305,4,-0.55918795,3.651979493845118e-07
CDKN2B,MKI67,IncreaseAmount,CDKN2B increases the amount of MKI67,0.65,1,1.1266316,0.0452689960890133
CDKN2B,CDK4,DecreaseAmount,CDKN2B decreases the amount of CDK4,0.9419,4,-0.43708497,0.0328474570943157
CDKN2B,CCNB1,DecreaseAmount,CDKN2B decreases the amount of CCNB1,0.65,1,0.9695503,0.0340396220833305
APH1A,APH1A,IncreaseAmount,APH1A increases the amount of APH1A,0.86,1,-0.89065033,0.0036717237716843
APH1A,APH1A,IncreaseAmount,APH1A (phosphorylated) increases the amount of APH1A,0.65,1,-0.89065033,0.0036717237716843
CTNND1,APP,DecreaseAmount,CTNND1 decreases the amount of APP,0.86,2,0.14261414,0.0473960186021968
CTNND1,CTNND1,DecreaseAmount,CTNND1 (modified) decreases the amount of CTNND1,0.65,1,-1.2984887,2.5499281495596465e-08
CTNND1,CTNND1,IncreaseAmount,CTNND1 increases the amount of CTNND1,0.8775000000000001,2,-1.2984887,2.5499281495596465e-08
CTNND1,CTNND1,DecreaseAmount,CTNND1 decreases the amount of CTNND1,0.9497812999999999,6,-1.2984887,2.5499281495596465e-08
EGR1,ATP2B4,IncreaseAmount,EGR1 (modified) increases the amount of ATP2B4,0.65,1,0.533723,0.0223068929047652
EGR1,ATP2B4,IncreaseAmount,EGR1 increases the amount of ATP2B4,0.9419,3,0.533723,0.0223068929047652
EGR1,RHOA,IncreaseAmount,EGR1 increases the amount of RHOA,0.65,1,0.1582486,0.0170681821417484
EGR1,RHOA,DecreaseAmount,EGR1 decreases the amount of RHOA,0.79,1,0.1582486,0.0170681821417484
EGR1,JUN,DecreaseAmount,EGR1 decreases the amount of JUN,0.65,1,0.35771897,0.0178112588216214
EGR1,JUN,IncreaseAmount,EGR1 increases the amount of JUN,0.86,2,0.35771897,0.0178112588216214
EGR1,ATG12,DecreaseAmount,EGR1 decreases the amount of ATG12,0.95,2,-0.40771136,0.041334431789558
EGR1,ID1,IncreaseAmount,EGR1 (modified) increases the amount of ID1,0.65,1,-0.43312305,0.0470710790804438
EGR1,ID1,IncreaseAmount,EGR1 increases the amount of ID1,0.9804,3,-0.43312305,0.0470710790804438
EGR1,AKAP12,DecreaseAmount,EGR1 decreases the amount of AKAP12,0.79,1,-0.51716936,0.0401641457636242
EGR1,ADAM17,IncreaseAmount,EGR1 increases the amount of ADAM17,0.65,1,-0.7531247,0.0245179669818565
EGR1,SLC25A23,DecreaseAmount,EGR1 decreases the amount of SLC25A23,0.79,1,-0.61746466,0.0365686376788917
EGR1,DYNC1LI1,DecreaseAmount,EGR1 decreases the amount of DYNC1LI1,0.79,1,-0.5099114,0.0143924298896746
EGR1,UBTF,DecreaseAmount,EGR1 decreases the amount of UBTF,0.95,2,0.4953649,0.0334421240483134
EGR1,TGFB1I1,DecreaseAmount,EGR1 decreases the amount of TGFB1I1,0.79,1,-0.38498792,0.0177341574634939
EGR1,DDX5,DecreaseAmount,EGR1 decreases the amount of DDX5,0.79,1,0.15179919,0.0478343929268305
OS9,OS9,IncreaseAmount,OS9 increases the amount of OS9,0.65,1,-1.4364281,6.168336736023085e-08
RAB1A,VIM,IncreaseAmount,RAB1A increases the amount of VIM,0.86,2,0.05449917,0.027319367628603
RAB1A,VIM,DecreaseAmount,RAB1A decreases the amount of VIM,0.86,2,0.05449917,0.027319367628603
RAB1A,RAB1A,DecreaseAmount,RAB1A decreases the amount of RAB1A,0.65,1,-0.3538751,0.0395868207786892
RAB1A,RAB1A,IncreaseAmount,RAB1A increases the amount of RAB1A,0.86,1,-0.3538751,0.0395868207786892
RAB1A,RAB1A,IncreaseAmount,RAB1A increases the amount of RAB1A,0.65,1,-0.3538751,0.0395868207786892
TLR4,NR2F6,DecreaseAmount,TLR4 decreases the amount of NR2F6,0.65,1,-0.6609215,0.0158753967379767
TLR4,FN1,IncreaseAmount,TLR4 increases the amount of FN1,0.951,3,0.24844936,0.0433439433849183
TLR4,FBXW7,IncreaseAmount,TLR4 increases the amount of FBXW7,0.65,1,0.51190275,0.0384441653111862
TLR4,TLR4,IncreaseAmount,TLR4 (methylation) increases the amount of TLR4,0.65,1,-1.5211028,0.0465322722755499
TLR4,TLR4,IncreaseAmount,TLR4 (modified) increases the amount of TLR4,0.949980317,8,-1.5211028,0.0465322722755499
TLR4,TLR4,DecreaseAmount,TLR4 (modified) decreases the amount of TLR4,0.94993439,8,-1.5211028,0.0465322722755499
TLR4,TLR4,IncreaseAmount,TLR4 increases the amount of TLR4,0.9975,136,-1.5211028,0.0465322722755499
TLR4,TLR4,DecreaseAmount,TLR4 decreases the amount of TLR4,0.997499704755,91,-1.5211028,0.0465322722755499
ACTG1,ACTB,DecreaseAmount,ACTG1 decreases the amount of ACTB,0.65,1,0.2200847,5.94083934078941e-07
ACTG1,WASF2,DecreaseAmount,ACTG1 decreases the amount of WASF2,0.65,1,-0.3950445,0.0281773232110623
ACTG1,ACTG1,DecreaseAmount,ACTG1 decreases the amount of ACTG1,0.65,1,-0.88436794,5.830757288089877e-20
NOS3,EDN1,IncreaseAmount,NOS3 (modified) increases the amount of EDN1,0.65,1,-0.59793997,0.043104663743886
NOS3,EDN1,DecreaseAmount,NOS3 decreases the amount of EDN1,0.86,2,-0.59793997,0.043104663743886
NOS3,EDN1,IncreaseAmount,NOS3 increases the amount of EDN1,0.9816495,5,-0.59793997,0.043104663743886
NOS3,APPL1,IncreaseAmount,NOS3 (modified) increases the amount of APPL1,0.65,1,0.3595708,0.0298519262401432
NOS3,TGM2,IncreaseAmount,NOS3 increases the amount of TGM2,0.65,1,-0.117787674,0.02468464563638
NOS3,NOS3,DecreaseAmount,NOS3 (methylation) decreases the amount of NOS3,0.65,1,-1.1164256,0.0115696030498703
NOS3,NOS3,DecreaseAmount,NOS3 decreases the amount of NOS3,0.65,1,-1.1164256,0.0115696030498703
NOS3,NOS3,IncreaseAmount,NOS3 (phosphorylated) increases the amount of NOS3,0.86,1,-1.1164256,0.0115696030498703
NOS3,NOS3,IncreaseAmount,NOS3 (phosphorylated on S1179) increases the amount of NOS3,0.65,1,-1.1164256,0.0115696030498703
NOS3,NOS3,IncreaseAmount,NOS3 (modified) increases the amount of NOS3,0.94993439,4,-1.1164256,0.0115696030498703
NOS3,NOS3,DecreaseAmount,NOS3 (modified) decreases the amount of NOS3,0.9419,3,-1.1164256,0.0115696030498703
NOS3,NOS3,IncreaseAmount,NOS3 (methylation) increases the amount of NOS3,0.86,2,-1.1164256,0.0115696030498703
NOS3,NOS3,IncreaseAmount,NOS3 increases the amount of NOS3,0.997499999999953,66,-1.1164256,0.0115696030498703
NOS3,NOS3,DecreaseAmount,NOS3 decreases the amount of NOS3,0.997489065,34,-1.1164256,0.0115696030498703
BMPER,PCNA,DecreaseAmount,BMPER decreases the amount of PCNA,0.65,1,0.7443756,0.0114885660323374
UQCRC1,UQCRC1,DecreaseAmount,UQCRC1 decreases the amount of UQCRC1,0.86,2,-1.6226808,4.453210348219637e-11
EZR,CTTN,IncreaseAmount,EZR (phosphorylated) increases the amount of CTTN,0.65,1,0.34638286,0.0410429742727176
EZR,CTNNB1,DecreaseAmount,EZR decreases the amount of CTNNB1,0.86,2,-0.5684989,0.0090742043400677
EZR,EZR,IncreaseAmount,EZR increases the amount of EZR,0.951,3,-0.42340696,0.0037444256746797
EZR,EZR,DecreaseAmount,EZR decreases the amount of EZR,0.99299724438,11,-0.42340696,0.0037444256746797
TNXB,BAX,DecreaseAmount,TNXB decreases the amount of BAX,0.86,2,-0.19466251,0.0074598479306732
P2RX7,SREBF1,IncreaseAmount,P2RX7 increases the amount of SREBF1,0.65,1,-0.9253162,0.0330283852826399
P2RX7,CCL2,IncreaseAmount,P2RX7 increases the amount of CCL2,0.951,3,0.5610984,0.0175120230066466
P2RX7,HSPB1,DecreaseAmount,P2RX7 decreases the amount of HSPB1,0.86,2,0.19288,0.0060445664159603
P2RX7,HMGB1,IncreaseAmount,P2RX7 increases the amount of HMGB1,0.65,1,-0.16195768,0.0216793993072927
P2RX7,HMGB1,DecreaseAmount,P2RX7 decreases the amount of HMGB1,0.65,1,-0.16195768,0.0216793993072927
P2RX7,CD81,DecreaseAmount,P2RX7 decreases the amount of CD81,0.65,1,0.16083325,0.0363240087378307
P2RX7,CAV1,IncreaseAmount,P2RX7 increases the amount of CAV1,0.65,1,-0.21291047,0.0114268755674315
REST,REST,IncreaseAmount,REST (modified) increases the amount of REST,0.86,2,-0.6696598,0.0157351126044829
REST,REST,IncreaseAmount,REST increases the amount of REST,0.65,1,-0.6696598,0.0157351126044829
REST,REST,IncreaseAmount,REST increases the amount of REST,0.949999468559,9,-0.6696598,0.0157351126044829
REST,REST,DecreaseAmount,REST (modified) decreases the amount of REST,0.86,2,-0.6696598,0.0157351126044829
REST,REST,DecreaseAmount,REST decreases the amount of REST,0.9929997519942,11,-0.6696598,0.0157351126044829
PRKAR1A,PRKAR1A,IncreaseAmount,PRKAR1A increases the amount of PRKAR1A,0.65,1,-0.8642853,4.8475151695377645e-09
PRKAR1A,PRKAR1A,DecreaseAmount,PRKAR1A decreases the amount of PRKAR1A,0.86,2,-0.8642853,4.8475151695377645e-09
ITGB4,PTK2,IncreaseAmount,ITGB4 increases the amount of PTK2,0.65,1,-0.30914155,0.0318194897554889
DNMT3A,CDKN1A,DecreaseAmount,DNMT3A (modified) decreases the amount of CDKN1A,0.65,1,0.3059091,0.0168115697713021
DNMT3A,CDKN1A,DecreaseAmount,DNMT3A decreases the amount of CDKN1A,0.996388,5,0.3059091,0.0168115697713021
DNMT3A,CDKN1A,IncreaseAmount,DNMT3A increases the amount of CDKN1A,0.65,1,0.3059091,0.0168115697713021
POGZ,POGZ,IncreaseAmount,POGZ increases the amount of POGZ,0.65,1,-0.9652684,0.0284897593451093
EDEM2,EDEM2,DecreaseAmount,EDEM2 decreases the amount of EDEM2,0.65,1,-1.3492873,0.0018916440748179
IQGAP1,CCND1,IncreaseAmount,IQGAP1 increases the amount of CCND1,0.8775000000000001,2,-0.31111857,0.0177701784671469
IQGAP1,IQGAP1,IncreaseAmount,IQGAP1 (modified) increases the amount of IQGAP1,0.65,1,-0.7138079,1.0897107327220791e-05
IQGAP1,IQGAP1,IncreaseAmount,IQGAP1 increases the amount of IQGAP1,0.951,2,-0.7138079,1.0897107327220791e-05
IQGAP1,IQGAP1,DecreaseAmount,IQGAP1 decreases the amount of IQGAP1,0.994071,6,-0.7138079,1.0897107327220791e-05
TMEM115,TMEM115,IncreaseAmount,TMEM115 increases the amount of TMEM115,0.65,1,-2.0381942,0.0212671831118692
ARHGAP26,ARHGAP26,IncreaseAmount,ARHGAP26 (modified) increases the amount of ARHGAP26,0.65,1,-0.8238565,0.0294732759254482
ARHGAP26,ARHGAP26,DecreaseAmount,ARHGAP26 decreases the amount of ARHGAP26,0.65,1,-0.8238565,0.0294732759254482
PLPP3,CTNNB1,DecreaseAmount,PLPP3 decreases the amount of CTNNB1,0.65,1,0.39352438,0.0382439780394716
PLPP3,CTNNB1,IncreaseAmount,PLPP3 increases the amount of CTNNB1,0.9804,4,0.39352438,0.0382439780394716
ENSA,ENSA,IncreaseAmount,ENSA (modified) increases the amount of ENSA,0.65,1,-1.5306007,1.7196602696147483e-09
RGS12,VIM,DecreaseAmount,RGS12 decreases the amount of VIM,0.65,1,-0.082251325,0.0066951517654336
RGS12,TEAD1,DecreaseAmount,RGS12 decreases the amount of TEAD1,0.65,1,-0.7452888,0.0375212416859513
POLG,SSBP1,IncreaseAmount,POLG increases the amount of SSBP1,0.65,1,-0.4563767,0.0017219392087685
CLIC1,CLIC1,DecreaseAmount,CLIC1 decreases the amount of CLIC1,0.951,3,-2.0142326,2.5544473377889075e-32
CLIC1,CLIC1,IncreaseAmount,CLIC1 increases the amount of CLIC1,0.923,3,-2.0142326,2.5544473377889075e-32
TNFRSF1B,CYCS,IncreaseAmount,TNFRSF1B increases the amount of CYCS,0.65,1,-0.32945305,0.0291454783604059
TNFRSF1B,UCP2,IncreaseAmount,TNFRSF1B increases the amount of UCP2,0.65,1,0.7498844,0.0290332502821356
TNFRSF1B,TXN,DecreaseAmount,TNFRSF1B (modified) decreases the amount of TXN,0.86,2,-0.25143313,0.0154426396417367
SOX4,HES1,IncreaseAmount,SOX4 (modified) increases the amount of HES1,0.65,1,-0.8383733,0.0416745790339739
SOX4,SOX4,DecreaseAmount,SOX4 decreases the amount of SOX4,0.94757,5,-0.9442669,6.936561060115683e-07
SOX4,SOX4,IncreaseAmount,SOX4 (modified) increases the amount of SOX4,0.923,3,-0.9442669,6.936561060115683e-07
SOX4,SOX4,IncreaseAmount,SOX4 increases the amount of SOX4,0.9970949907369834,14,-0.9442669,6.936561060115683e-07
MYEOV,CCND1,IncreaseAmount,MYEOV increases the amount of CCND1,0.65,1,0.47592026,0.0001143785326805
SMARCC1,SMARCC1,IncreaseAmount,SMARCC1 increases the amount of SMARCC1,0.65,1,-0.68776613,0.0060627263440625
SMARCC1,SMARCC1,DecreaseAmount,SMARCC1 decreases the amount of SMARCC1,0.65,1,-0.68776613,0.0060627263440625
SMARCC1,SMARCC1,IncreaseAmount,SMARCC1 increases the amount of SMARCC1,0.9265,1,-0.68776613,0.0060627263440625
NEAT1,NEAT1,DecreaseAmount,NEAT1 decreases the amount of NEAT1,0.65,1,-2.377179,5.432939932736682e-32
PDCD6,PDCD6,IncreaseAmount,PDCD6 increases the amount of PDCD6,0.65,1,-0.93209773,6.687019409648356e-07
PHF19,HIF1A,IncreaseAmount,PHF19 (modified) increases the amount of HIF1A,0.65,1,-0.34906313,0.0260208008835908
RAD50,RAD50,DecreaseAmount,RAD50 decreases the amount of RAD50,0.65,1,-1.1921043,0.0002132684886514
CDH13,AKT3,DecreaseAmount,CDH13 decreases the amount of AKT3,0.86,2,-0.7100102,0.0157479219327631
RAP1GDS1,RAP1GDS1,DecreaseAmount,RAP1GDS1 decreases the amount of RAP1GDS1,0.923,3,-1.219261,0.0006555635144037
THBD,THBD,DecreaseAmount,THBD (modified) decreases the amount of THBD,0.86,2,-1.5611095,2.0501365652457402e-07
THBD,THBD,DecreaseAmount,THBD decreases the amount of THBD,0.982423455,6,-1.5611095,2.0501365652457402e-07
THBD,THBD,IncreaseAmount,THBD increases the amount of THBD,0.99289794,8,-1.5611095,2.0501365652457402e-07
NUB1,NEDD8,IncreaseAmount,NUB1 increases the amount of NEDD8,0.8775000000000001,2,-0.17037643,0.0413665438924531
NUB1,NEDD8,DecreaseAmount,NUB1 decreases the amount of NEDD8,0.996093867,6,-0.17037643,0.0413665438924531
NUB1,NEDD8,DecreaseAmount,NUB1 (modified) decreases the amount of NEDD8,0.923,3,-0.17037643,0.0413665438924531
NUB1,SQSTM1,IncreaseAmount,NUB1 increases the amount of SQSTM1,0.65,1,0.248485,0.0419582276178995
NUB1,NUB1,DecreaseAmount,NUB1 decreases the amount of NUB1,0.86,1,-2.0136871,8.093254999232249e-07
NUB1,NUB1,DecreaseAmount,NUB1 decreases the amount of NUB1,0.65,1,-2.0136871,8.093254999232249e-07
HIF1A,DICER1,IncreaseAmount,HIF1A increases the amount of DICER1,0.65,1,0.67676073,0.0034062926173334
HIF1A,DICER1,DecreaseAmount,HIF1A (modified) decreases the amount of DICER1,0.65,1,0.67676073,0.0034062926173334
HIF1A,PRDX2,IncreaseAmount,HIF1A increases the amount of PRDX2,0.65,1,-0.3174951,0.0117748511629572
HIF1A,NR3C1,DecreaseAmount,HIF1A decreases the amount of NR3C1,0.65,1,0.5873461,0.048553108247627
HIF1A,NR3C1,IncreaseAmount,HIF1A increases the amount of NR3C1,0.923,3,0.5873461,0.048553108247627
HIF1A,NCOA3,DecreaseAmount,HIF1A decreases the amount of NCOA3,0.65,1,0.6560204,0.0004262256096631
HIF1A,LYN,DecreaseAmount,HIF1A decreases the amount of LYN,0.65,1,0.6425842,0.0130497290985694
HIF1A,LDHB,DecreaseAmount,HIF1A decreases the amount of LDHB,0.951,3,-0.16105886,0.0248400493980227
HIF1A,ITGA2,IncreaseAmount,HIF1A increases the amount of ITGA2,0.65,1,0.35955805,0.0340027338719182
HIF1A,ATG12,DecreaseAmount,HIF1A decreases the amount of ATG12,0.65,1,-0.51674914,0.0409066208640222
HIF1A,APEX1,IncreaseAmount,HIF1A increases the amount of APEX1,0.65,1,-0.33627504,0.0439593176840549
HIF1A,APEX1,DecreaseAmount,HIF1A decreases the amount of APEX1,0.9615,2,-0.33627504,0.0439593176840549
HIF1A,EPAS1,IncreaseAmount,HIF1A increases the amount of EPAS1,0.9816495,6,-0.51184994,0.0209171606115409
HIF1A,EPAS1,DecreaseAmount,HIF1A decreases the amount of EPAS1,0.9974635419121588,18,-0.51184994,0.0209171606115409
HIF1A,EPAS1,DecreaseAmount,HIF1A decreases the amount of EPAS1,0.65,1,-0.51184994,0.0209171606115409
HIF1A,HUWE1,IncreaseAmount,HIF1A increases the amount of HUWE1,0.65,1,0.33722338,0.0499821171794213
HIF1A,RER1,IncreaseAmount,HIF1A increases the amount of RER1,0.65,1,0.32888117,0.0398658004903113
HIF1A,HIF1A,DecreaseAmount,HIF1A (hydroxylation) decreases the amount of HIF1A,0.65,1,-0.38869473,0.0076600843663483
HIF1A,HIF1A,DecreaseAmount,HIF1A (modified) decreases the amount of HIF1A,0.65,1,-0.38869473,0.0076600843663483
HIF1A,HIF1A,DecreaseAmount,HIF1A decreases the amount of HIF1A,0.65,1,-0.38869473,0.0076600843663483
HIF1A,HIF1A,DecreaseAmount,HIF1A (ubiquitination) decreases the amount of HIF1A,0.86,2,-0.38869473,0.0076600843663483
HIF1A,HIF1A,DecreaseAmount,HIF1A (phosphorylated) decreases the amount of HIF1A,0.89,1,-0.38869473,0.0076600843663483
HIF1A,HIF1A,IncreaseAmount,HIF1A (sumoylation) increases the amount of HIF1A,0.89,1,-0.38869473,0.0076600843663483
HIF1A,HIF1A,DecreaseAmount,HIF1A decreases the amount of HIF1A,0.89,1,-0.38869473,0.0076600843663483
HIF1A,HIF1A,DecreaseAmount,HIF1A (phosphorylated) decreases the amount of HIF1A,0.9615,1,-0.38869473,0.0076600843663483
HIF1A,HIF1A,DecreaseAmount,HIF1A (acetylation) decreases the amount of HIF1A,0.65,1,-0.38869473,0.0076600843663483
HIF1A,HIF1A,IncreaseAmount,HIF1A increases the amount of HIF1A,0.65,1,-0.38869473,0.0076600843663483
HIF1A,HIF1A,IncreaseAmount,HIF1A increases the amount of HIF1A,0.65,1,-0.38869473,0.0076600843663483
HIF1A,HIF1A,IncreaseAmount,HIF1A (hydroxylation) increases the amount of HIF1A,0.65,1,-0.38869473,0.0076600843663483
HIF1A,HIF1A,DecreaseAmount,HIF1A (modified) decreases the amount of HIF1A,0.994499999526486,11,-0.38869473,0.0076600843663483
HIF1A,HIF1A,DecreaseAmount,HIF1A decreases the amount of HIF1A,0.9999994225,112,-0.38869473,0.0076600843663483
HIF1A,HIF1A,IncreaseAmount,HIF1A (modified) increases the amount of HIF1A,0.9944999999573837,17,-0.38869473,0.0076600843663483
HIF1A,HIF1A,IncreaseAmount,HIF1A increases the amount of HIF1A,0.9999978825,139,-0.38869473,0.0076600843663483
HIF1A,HIF1A,DecreaseAmount,HIF1A decreases the amount of HIF1A,0.65,1,-0.38869473,0.0076600843663483
EVL,CFL1,IncreaseAmount,EVL increases the amount of CFL1,0.65,1,0.15382816,0.0066347264210461
FLII,FLII,DecreaseAmount,FLII decreases the amount of FLII,0.9419,4,-1.0420303,0.0016319050482479
FLII,FLII,IncreaseAmount,FLII increases the amount of FLII,0.86,2,-1.0420303,0.0016319050482479
EHMT2,CCND1,IncreaseAmount,EHMT2 increases the amount of CCND1,0.65,1,-0.25071907,0.0043575434779654
DHODH,CDKN1A,IncreaseAmount,DHODH (modified) increases the amount of CDKN1A,0.65,1,0.26385847,0.0477798420158112
LMAN1,LMAN1,IncreaseAmount,LMAN1 increases the amount of LMAN1,0.65,1,-1.348268,3.446979186718562e-14
NUCB1,NUCB1,IncreaseAmount,NUCB1 increases the amount of NUCB1,0.65,1,-1.4924259,4.802707812018589e-10
NUCB1,NUCB1,DecreaseAmount,NUCB1 (modified) decreases the amount of NUCB1,0.65,1,-1.4924259,4.802707812018589e-10
TRAF6,MYC,IncreaseAmount,TRAF6 increases the amount of MYC,0.65,1,-0.42089328,0.0438001448855314
TRAF6,HIF1A,IncreaseAmount,TRAF6 increases the amount of HIF1A,0.997091188059,12,0.40533268,0.003631975299527
TRAF6,CCN2,IncreaseAmount,TRAF6 increases the amount of CCN2,0.65,1,0.5287909,0.0006783142011848
NFKB2,CD99,DecreaseAmount,NFKB2 decreases the amount of CD99,0.65,1,-0.11854488,0.0016388613553889
DGKA,DGKA,IncreaseAmount,DGKA increases the amount of DGKA,0.8775000000000001,1,-1.9368999,6.19590100197614e-06
DGKA,DGKA,DecreaseAmount,DGKA decreases the amount of DGKA,0.8775000000000001,1,-1.9368999,6.19590100197614e-06
DGKA,DGKA,DecreaseAmount,DGKA (modified) decreases the amount of DGKA,0.65,1,-1.9368999,6.19590100197614e-06
DGKA,DGKA,IncreaseAmount,DGKA (modified) increases the amount of DGKA,0.65,1,-1.9368999,6.19590100197614e-06
RBFOX2,PTEN,IncreaseAmount,RBFOX2 (modified) increases the amount of PTEN,0.86,2,-0.5598252,0.0382648088290242
RBFOX2,PTEN,IncreaseAmount,RBFOX2 increases the amount of PTEN,0.9419,2,-0.5598252,0.0382648088290242
RBFOX2,PRPF6,DecreaseAmount,RBFOX2 decreases the amount of PRPF6,0.65,1,-0.4597227,0.0083578094361105
UBA5,UFM1,DecreaseAmount,UBA5 decreases the amount of UFM1,0.65,1,0.33813715,0.0437485720958278
IGFBP2,STAT3,IncreaseAmount,IGFBP2 increases the amount of STAT3,0.65,1,-0.57174045,0.0344555474446345
VAMP8,VAMP8,DecreaseAmount,VAMP8 decreases the amount of VAMP8,0.86,2,-2.1143038,9.84264094391468e-07
VAMP8,VAMP8,IncreaseAmount,VAMP8 (modified) increases the amount of VAMP8,0.65,1,-2.1143038,9.84264094391468e-07
S100A10,S100A10,DecreaseAmount,S100A10 decreases the amount of S100A10,0.923,2,-0.98901904,9.054222481724972e-21
S100A10,S100A10,IncreaseAmount,S100A10 increases the amount of S100A10,0.86,2,-0.98901904,9.054222481724972e-21
S100A10,S100A10,DecreaseAmount,S100A10 (modified) decreases the amount of S100A10,0.65,1,-0.98901904,9.054222481724972e-21
REPIN1,RABAC1,DecreaseAmount,REPIN1 decreases the amount of RABAC1,0.79,1,-0.14038385,0.0384902499153413
REPIN1,RAB5B,DecreaseAmount,REPIN1 decreases the amount of RAB5B,0.79,1,0.40847537,0.0397674514632104
REPIN1,NOVA1,DecreaseAmount,REPIN1 decreases the amount of NOVA1,0.79,1,-0.40611282,0.0210704380210996
REPIN1,MEF2C,DecreaseAmount,REPIN1 decreases the amount of MEF2C,0.79,1,-0.717929,0.0350557434524507
REPIN1,DUSP1,DecreaseAmount,REPIN1 decreases the amount of DUSP1,0.79,1,-0.56085104,0.0478236510474421
REPIN1,POLR3GL,DecreaseAmount,REPIN1 decreases the amount of POLR3GL,0.79,1,-0.43364325,0.0099331183864892
REPIN1,RNF216,DecreaseAmount,REPIN1 decreases the amount of RNF216,0.79,1,0.47380176,0.0347770677517664
REPIN1,CLEC14A,DecreaseAmount,REPIN1 decreases the amount of CLEC14A,0.79,1,0.2927857,0.0347173231770352
REPIN1,PLAAT3,DecreaseAmount,REPIN1 decreases the amount of PLAAT3,0.79,1,0.2958915,0.037793348622002
REPIN1,CALM3,DecreaseAmount,REPIN1 decreases the amount of CALM3,0.95,2,-0.22371696,0.0428243380850227
DKK1,HDGF,DecreaseAmount,DKK1 decreases the amount of HDGF,0.65,1,-0.6122979,0.0012924014622371
DKK1,HDGF,IncreaseAmount,DKK1 increases the amount of HDGF,0.65,1,-0.6122979,0.0012924014622371
DKK1,CDKN1A,DecreaseAmount,DKK1 decreases the amount of CDKN1A,0.94757,3,0.29268342,0.0174239018375208
DKK1,CDKN1A,DecreaseAmount,DKK1 (modified) decreases the amount of CDKN1A,0.86,2,0.29268342,0.0174239018375208
DKK1,CDKN1A,IncreaseAmount,DKK1 increases the amount of CDKN1A,0.949980317,9,0.29268342,0.0174239018375208
FYN,MAPRE1,DecreaseAmount,FYN decreases the amount of MAPRE1,0.65,1,0.3509116,0.0231804814237057
RAB13,RAB13,DecreaseAmount,RAB13 decreases the amount of RAB13,0.9419,4,-1.629307,5.071930801548485e-21
PAK2,PAK2,DecreaseAmount,PAK2 decreases the amount of PAK2,0.86,2,-1.0038497,1.0705682736227045e-08
ST3GAL4,NFE2L2,DecreaseAmount,ST3GAL4 decreases the amount of NFE2L2,0.9419,4,-0.49923256,0.0193674619647371
ST3GAL4,NFE2L2,IncreaseAmount,ST3GAL4 increases the amount of NFE2L2,0.949271,6,-0.49923256,0.0193674619647371
ST3GAL4,NFE2L1,DecreaseAmount,ST3GAL4 decreases the amount of NFE2L1,0.86,2,-0.50311095,0.0318641015979841
ST3GAL4,IDE,DecreaseAmount,ST3GAL4 decreases the amount of IDE,0.923,3,-1.0597451,0.0229490757929259
ST3GAL4,IDE,IncreaseAmount,ST3GAL4 increases the amount of IDE,0.9419,4,-1.0597451,0.0229490757929259
ST3GAL4,EDN1,IncreaseAmount,ST3GAL4 increases the amount of EDN1,0.923,3,-0.57079846,0.0382931753946243
ST3GAL4,DNMT1,DecreaseAmount,ST3GAL4 decreases the amount of DNMT1,0.65,1,-0.8127267,0.0085584878075992
ST3GAL4,CCN2,DecreaseAmount,ST3GAL4 decreases the amount of CCN2,0.65,1,-0.48566395,0.0054542727725477
ST3GAL4,CCN2,IncreaseAmount,ST3GAL4 increases the amount of CCN2,0.86,2,-0.48566395,0.0054542727725477
NOTCH4,INTS3,IncreaseAmount,NOTCH4 increases the amount of INTS3,0.65,1,0.95678365,0.010065886030035
NOTCH4,ACTA2,IncreaseAmount,NOTCH4 increases the amount of ACTA2,0.89,1,0.6917858,0.0357036638535219
NOTCH4,NOTCH4,IncreaseAmount,NOTCH4 increases the amount of NOTCH4,0.65,1,-1.9839098,6.976869724927102e-05
IBTK,IBTK,DecreaseAmount,IBTK decreases the amount of IBTK,0.65,1,-1.2607226,0.0143499415052029
P4HA2,P4HA2,DecreaseAmount,P4HA2 decreases the amount of P4HA2,0.65,1,-1.6481285,2.054878092929701e-12
GSS,NR3C1,DecreaseAmount,GSS decreases the amount of NR3C1,0.65,1,-1.0646657,0.042761912467573
GSS,NR3C1,IncreaseAmount,GSS increases the amount of NR3C1,0.86,2,-1.0646657,0.042761912467573
GSS,GSS,IncreaseAmount,GSS (modified) increases the amount of GSS,0.65,1,-1.7924072,2.043711686858635e-06
FAM126A,BAX,IncreaseAmount,HYCC1 increases the amount of BAX,0.65,1,0.22034806,0.0277168864523068
FAM126A,PAFAH1B1,DecreaseAmount,HYCC1 decreases the amount of PAFAH1B1,0.65,1,0.4008237,0.0361199123348932
FAM126A,FOXA1,IncreaseAmount,HYCC1 increases the amount of FOXA1,0.65,1,0.84934944,0.0360792361134308
FAM126A,TM4SF1,IncreaseAmount,HYCC1 increases the amount of TM4SF1,0.65,1,-0.1734202,0.0491770205847418
CHUK,NUMB,DecreaseAmount,CHUK decreases the amount of NUMB,0.923,3,-0.55841154,0.0089225514392756
CHUK,NUMB,IncreaseAmount,CHUK increases the amount of NUMB,0.65,1,-0.55841154,0.0089225514392756
SCARB1,CD81,DecreaseAmount,SCARB1 decreases the amount of CD81,0.65,1,-0.19226862,0.0334262253415096
SCARB1,CD81,IncreaseAmount,SCARB1 increases the amount of CD81,0.65,1,-0.19226862,0.0334262253415096
SCARB1,SCARB1,IncreaseAmount,SCARB1 increases the amount of SCARB1,0.949999468559,10,-1.2246113,1.3046612056839526e-06
SCARB1,SCARB1,DecreaseAmount,SCARB1 decreases the amount of SCARB1,0.65,1,-1.2246113,1.3046612056839526e-06
SCARB1,SCARB1,DecreaseAmount,SCARB1 decreases the amount of SCARB1,0.65,1,-1.2246113,1.3046612056839526e-06
SCARB1,SCARB1,DecreaseAmount,SCARB1 decreases the amount of SCARB1,0.65,1,-1.2246113,1.3046612056839526e-06
SCARB1,SCARB1,IncreaseAmount,SCARB1 (modified) increases the amount of SCARB1,0.86,2,-1.2246113,1.3046612056839526e-06
SCARB1,SCARB1,DecreaseAmount,SCARB1 decreases the amount of SCARB1,0.86,1,-1.2246113,1.3046612056839526e-06
SCARB1,SCARB1,DecreaseAmount,SCARB1 decreases the amount of SCARB1,0.94993439,4,-1.2246113,1.3046612056839526e-06
MMP11,LGALS1,DecreaseAmount,MMP11 decreases the amount of LGALS1,0.65,1,-0.42673224,9.232016368883129e-05
KIF3A,KIF3A,IncreaseAmount,KIF3A increases the amount of KIF3A,0.86,2,-1.146618,0.0158990305813747
UBE2D1,UBE2D1,DecreaseAmount,UBE2D1 (modified) decreases the amount of UBE2D1,0.65,1,-2.3706007,6.485462239333075e-05
USP25,USP25,DecreaseAmount,USP25 (modified) decreases the amount of USP25,0.65,1,-1.8783221,0.0008697112487895
USP25,USP25,DecreaseAmount,USP25 decreases the amount of USP25,0.97305,3,-1.8783221,0.0008697112487895
YES1,YES1,DecreaseAmount,YES1 decreases the amount of YES1,0.65,1,-1.2443154,2.4488801912140045e-07
YES1,YES1,IncreaseAmount,YES1 increases the amount of YES1,0.65,1,-1.2443154,2.4488801912140045e-07
TNFSF10,ANXA5,IncreaseAmount,TNFSF10 increases the amount of ANXA5,0.65,1,-0.22490418,0.0137883599893319
TNFSF10,GSK3B,IncreaseAmount,TNFSF10 increases the amount of GSK3B,0.89,1,0.4995617,0.0362575749395158
TNFSF10,MTCH2,IncreaseAmount,TNFSF10 increases the amount of MTCH2,0.65,1,-0.36501288,0.0451926557311884
OPTN,CALCOCO2,DecreaseAmount,OPTN decreases the amount of CALCOCO2,0.86,2,0.47183535,0.017920285728126
OPTN,OPTN,IncreaseAmount,OPTN increases the amount of OPTN,0.86,2,-1.4331818,2.191338676043378e-07
OPTN,OPTN,DecreaseAmount,OPTN decreases the amount of OPTN,0.949271,6,-1.4331818,2.191338676043378e-07
PMVK,PMVK,IncreaseAmount,PMVK increases the amount of PMVK,0.65,1,-2.0422199,0.0027943805932608
AGTRAP,AGTRAP,DecreaseAmount,AGTRAP decreases the amount of AGTRAP,0.65,1,-2.1480668,9.495402490938329e-06
IRF1,RBMS2,DecreaseAmount,IRF1 decreases the amount of RBMS2,0.79,1,0.6456912,0.0087214682615805
IRF1,PTMA,DecreaseAmount,IRF1 decreases the amount of PTMA,0.95,2,-0.122388385,0.0068121571202687
IRF1,PSME2,DecreaseAmount,IRF1 decreases the amount of PSME2,0.79,1,-0.41694582,0.0085120505254737
IRF1,PSMB9,IncreaseAmount,IRF1 (modified) increases the amount of PSMB9,0.65,1,-0.7327445,0.021741020407979
IRF1,PSMB9,DecreaseAmount,IRF1 decreases the amount of PSMB9,0.9265,2,-0.7327445,0.021741020407979
IRF1,PSMB9,IncreaseAmount,IRF1 increases the amount of PSMB9,0.99461,3,-0.7327445,0.021741020407979
IRF1,PSMB8,DecreaseAmount,IRF1 decreases the amount of PSMB8,0.95,2,-0.47529554,0.0152603052899011
IRF1,NFAT5,DecreaseAmount,IRF1 decreases the amount of NFAT5,0.79,1,0.5779299,0.0301496250874568
IRF1,CUL2,DecreaseAmount,IRF1 decreases the amount of CUL2,0.95,2,-0.61643535,0.0442365205793374
IRF1,C1orf122,DecreaseAmount,IRF1 decreases the amount of C1orf122,0.79,1,0.4136699,0.0127912547026512
IRF1,HIPK1,DecreaseAmount,IRF1 decreases the amount of HIPK1,0.79,1,0.68820685,0.0270348061956962
IRF1,LSM6,DecreaseAmount,IRF1 decreases the amount of LSM6,0.79,1,0.3794716,0.0424770498774203
IRF1,SEMA3A,DecreaseAmount,IRF1 decreases the amount of SEMA3A,0.79,1,0.529929,0.0093885810865658
CCL2,SAMHD1,IncreaseAmount,CCL2 increases the amount of SAMHD1,0.65,1,0.64831704,0.0186054904183772
CCL2,TGFB1,IncreaseAmount,CCL2 increases the amount of TGFB1,0.951,3,0.3564854,0.0414901091221891
CCL2,DUSP6,IncreaseAmount,CCL2 (modified) increases the amount of DUSP6,0.65,1,0.32526508,0.0410054909220131
CCL2,CCL2,IncreaseAmount,CCL2 increases the amount of CCL2,0.65,1,-0.8694972,0.004177337834497
CCL2,CCL2,DecreaseAmount,CCL2 (modified) decreases the amount of CCL2,0.65,1,-0.8694972,0.004177337834497
CCL2,CCL2,IncreaseAmount,CCL2 increases the amount of CCL2,0.65,1,-0.8694972,0.004177337834497
CCL2,CCL2,IncreaseAmount,CCL2 (modified) increases the amount of CCL2,0.86,2,-0.8694972,0.004177337834497
CCL2,CCL2,DecreaseAmount,CCL2 decreases the amount of CCL2,0.9929999999985355,22,-0.8694972,0.004177337834497
CCL2,CCL2,IncreaseAmount,CCL2 increases the amount of CCL2,0.999082475,43,-0.8694972,0.004177337834497
CREB1,RAB1A,DecreaseAmount,CREB1 decreases the amount of RAB1A,0.79,1,-0.5340898,0.0028892539672896
CREB1,SRGN,IncreaseAmount,CREB1 increases the amount of SRGN,0.86,2,0.23173778,0.001499176784331
CREB1,PKM,IncreaseAmount,CREB1 increases the amount of PKM,0.987599,2,0.21393381,0.0256476235255784
CREB1,ATF4,IncreaseAmount,CREB1 increases the amount of ATF4,0.982423455,8,0.27738303,0.0442104940624914
CREB1,DGUOK,DecreaseAmount,CREB1 decreases the amount of DGUOK,0.79,1,0.44724166,0.0130387663720282
CREB1,RIPOR1,DecreaseAmount,CREB1 decreases the amount of RIPOR1,0.989936,6,-0.80884266,0.0189181684573049
CREB1,AKIRIN1,DecreaseAmount,CREB1 decreases the amount of AKIRIN1,0.989936,6,-0.5594538,0.0283702364926907
CREB1,RBM15B,DecreaseAmount,CREB1 decreases the amount of RBM15B,0.79,1,0.93461627,0.023337771283891
CREB1,COX8A,DecreaseAmount,CREB1 decreases the amount of COX8A,0.79,1,0.16714917,0.0442918698661975
CREB1,USP48,DecreaseAmount,CREB1 decreases the amount of USP48,0.9884,4,0.42720142,0.0048667778866792
CREB1,SPAG9,DecreaseAmount,CREB1 decreases the amount of SPAG9,0.98968,5,0.4160189,0.0267243598058408
CREB1,CALM2,DecreaseAmount,CREB1 decreases the amount of CALM2,0.982,3,-0.14880651,0.0332450174530837
CREB1,SLC38A2,DecreaseAmount,CREB1 decreases the amount of SLC38A2,0.79,1,-0.39090374,0.0236995539531268
CREB1,TPT1,DecreaseAmount,CREB1 decreases the amount of TPT1,0.982,3,-0.091309085,0.006186914939152
CREB1,SSNA1,DecreaseAmount,CREB1 decreases the amount of SSNA1,0.79,1,-0.49340883,0.008243829605242
CREB1,SREBF2,DecreaseAmount,CREB1 decreases the amount of SREBF2,0.9899872,7,0.67354107,0.0116917169962256
CREB1,CREB1,DecreaseAmount,CREB1 decreases the amount of CREB1,0.9846,2,-1.3376337,0.0319993752857765
CREB1,CREB1,IncreaseAmount,CREB1 (phosphorylated) increases the amount of CREB1,0.65,1,-1.3376337,0.0319993752857765
CREB1,CREB1,DecreaseAmount,CREB1 (phosphorylated on S119) decreases the amount of CREB1,0.89,1,-1.3376337,0.0319993752857765
CREB1,CREB1,IncreaseAmount,CREB1 increases the amount of CREB1,0.99614986359681,13,-1.3376337,0.0319993752857765
KPNA2,ICAM1,IncreaseAmount,KPNA2 increases the amount of ICAM1,0.65,1,0.8083568,0.0162467947161725
DHCR24,DHCR24,IncreaseAmount,DHCR24 increases the amount of DHCR24,0.94757,5,-0.79332685,0.0008994234424679
PMAIP1,USP9X,DecreaseAmount,PMAIP1 decreases the amount of USP9X,0.65,1,-0.55212045,0.0284456280485069
PMAIP1,TIMP1,IncreaseAmount,PMAIP1 increases the amount of TIMP1,0.65,1,0.28804696,0.0106684119349587
PMAIP1,PMAIP1,IncreaseAmount,PMAIP1 (methylation) increases the amount of PMAIP1,0.65,1,-1.3276415,0.0054602362996755
PMAIP1,PMAIP1,IncreaseAmount,PMAIP1 (modified) increases the amount of PMAIP1,0.86,2,-1.3276415,0.0054602362996755
PMAIP1,PMAIP1,IncreaseAmount,PMAIP1 increases the amount of PMAIP1,0.9499998405677,10,-1.3276415,0.0054602362996755
NRP1,NRP1,IncreaseAmount,NRP1 increases the amount of NRP1,0.65,1,-1.2174689,6.398393401994258e-10
NRP1,NRP1,IncreaseAmount,NRP1 increases the amount of NRP1,0.65,1,-1.2174689,6.398393401994258e-10
NRP1,NRP1,IncreaseAmount,NRP1 (modified) increases the amount of NRP1,0.65,1,-1.2174689,6.398393401994258e-10
NRP1,NRP1,IncreaseAmount,NRP1 increases the amount of NRP1,0.94999995217031,11,-1.2174689,6.398393401994258e-10
NRP1,NRP1,DecreaseAmount,NRP1 decreases the amount of NRP1,0.9970526451,10,-1.2174689,6.398393401994258e-10
FLI1,PHLDA1,DecreaseAmount,FLI1 decreases the amount of PHLDA1,0.9615,2,-0.7174093,0.0450820900791216
FLI1,CD99,IncreaseAmount,FLI1 increases the amount of CD99,0.65,1,-0.10899077,0.0474090205372784
FLI1,SMAD5,DecreaseAmount,FLI1 decreases the amount of SMAD5,0.65,1,-0.46360576,0.0177634565891165
FLI1,SMAD1,DecreaseAmount,FLI1 decreases the amount of SMAD1,0.65,1,-1.0614545,9.267141942312028e-05
FLI1,JAK1,DecreaseAmount,FLI1 decreases the amount of JAK1,0.65,1,-0.31356797,0.0299590336971604
FLI1,CAV1,DecreaseAmount,FLI1 decreases the amount of CAV1,0.65,1,-0.21794005,0.0033872025537661
FLI1,FLI1,IncreaseAmount,FLI1 (modified) increases the amount of FLI1,0.9419,4,-0.5976909,0.034094955005109
FLI1,FLI1,IncreaseAmount,FLI1 increases the amount of FLI1,0.9996804122617841,11,-0.5976909,0.034094955005109
FLI1,FLI1,DecreaseAmount,FLI1 decreases the amount of FLI1,0.9926598,6,-0.5976909,0.034094955005109
FLI1,FLI1,DecreaseAmount,FLI1 (methylation) decreases the amount of FLI1,0.65,1,-0.5976909,0.034094955005109
SMARCB1,SMARCB1,IncreaseAmount,SMARCB1 increases the amount of SMARCB1,0.65,1,-0.75309485,0.0095706670891052
SMARCB1,SMARCB1,DecreaseAmount,SMARCB1 decreases the amount of SMARCB1,0.86,2,-0.75309485,0.0095706670891052
SMARCB1,SMARCB1,IncreaseAmount,SMARCB1 increases the amount of SMARCB1,0.949271,5,-0.75309485,0.0095706670891052
SMARCB1,SMARCB1,DecreaseAmount,SMARCB1 decreases the amount of SMARCB1,0.992969382,7,-0.75309485,0.0095706670891052
TYRO3,BAX,DecreaseAmount,TYRO3 decreases the amount of BAX,0.65,1,-0.21892014,0.0278602720314031
UIMC1,TP53,DecreaseAmount,UIMC1 decreases the amount of TP53,0.65,1,0.61851144,0.0349120690512617
VWF,SERPINE1,DecreaseAmount,VWF decreases the amount of SERPINE1,0.86,2,0.20808381,0.0244273273189866
VWF,NEU1,IncreaseAmount,VWF increases the amount of NEU1,0.65,1,-0.9035391,0.0475940067139432
FZD6,FZD6,IncreaseAmount,FZD6 (modified) increases the amount of FZD6,0.65,1,-2.218034,1.0723662606424533e-07
FZD6,FZD6,IncreaseAmount,FZD6 increases the amount of FZD6,0.86,1,-2.218034,1.0723662606424533e-07
IRF3,JUN,DecreaseAmount,IRF3 decreases the amount of JUN,0.65,1,0.42041352,0.0308934083139893
IRF3,STK4,IncreaseAmount,IRF3 increases the amount of STK4,0.923,3,0.59664863,0.0131672968139664
IRF3,BST2,IncreaseAmount,IRF3 increases the amount of BST2,0.65,1,0.21639295,0.027520903759458
IRF3,IRF3,IncreaseAmount,IRF3 (modified) increases the amount of IRF3,0.86,2,-0.9668767,0.0189898701364946
IRF3,IRF3,IncreaseAmount,IRF3 increases the amount of IRF3,0.996148484409,10,-0.9668767,0.0189898701364946
IRF3,IRF3,DecreaseAmount,IRF3 decreases the amount of IRF3,0.65,1,-0.9668767,0.0189898701364946
IRF3,IRF3,DecreaseAmount,IRF3 (modified) decreases the amount of IRF3,0.923,3,-0.9668767,0.0189898701364946
IRF3,IRF3,DecreaseAmount,IRF3 decreases the amount of IRF3,0.9974890625980551,17,-0.9668767,0.0189898701364946
UGGT1,PSAP,DecreaseAmount,UGGT1 decreases the amount of PSAP,0.9419,4,-0.24515034,0.0429322698941704
UGGT1,HSPA5,DecreaseAmount,UGGT1 decreases the amount of HSPA5,0.65,1,0.60708374,5.172430491664529e-07
UGGT1,CALR,DecreaseAmount,UGGT1 decreases the amount of CALR,0.65,1,0.8130566,2.7616640781788257e-19
AGER,BAX,DecreaseAmount,AGER decreases the amount of BAX,0.65,1,-0.2845951,0.023645491471094
AGER,BAX,IncreaseAmount,AGER increases the amount of BAX,0.86,1,-0.2845951,0.023645491471094
AGER,BAX,IncreaseAmount,AGER (modified) increases the amount of BAX,0.65,1,-0.2845951,0.023645491471094
AGER,BAX,DecreaseAmount,AGER decreases the amount of BAX,0.86,1,-0.2845951,0.023645491471094
AGER,HSPA5,IncreaseAmount,AGER increases the amount of HSPA5,0.65,1,-0.2459832,0.023685890116451
STAT5A,PLS3,DecreaseAmount,STAT5A decreases the amount of PLS3,0.79,1,0.28458688,0.0478989787182687
STAT5A,APBB2,DecreaseAmount,STAT5A decreases the amount of APBB2,0.79,1,0.7019776,0.023404352891188
STAT5A,FLI1,DecreaseAmount,STAT5A decreases the amount of FLI1,0.79,1,0.54763675,0.049614876732086
STAT5A,SETD7,DecreaseAmount,STAT5A decreases the amount of SETD7,0.79,1,0.8322059,0.0060794559752613
STAT5A,TINAGL1,DecreaseAmount,STAT5A decreases the amount of TINAGL1,0.79,1,0.31805572,0.006490911911771
STAT5A,ASXL1,DecreaseAmount,STAT5A decreases the amount of ASXL1,0.95,2,0.57049686,0.0016788142289661
STAT5A,LETM2,DecreaseAmount,STAT5A decreases the amount of LETM2,0.79,1,-0.69545716,0.02423814282829
STAT5A,CALR,DecreaseAmount,STAT5A decreases the amount of CALR,0.79,1,0.2123449,0.0146810634166021
TRAPPC6A,TRAPPC6A,DecreaseAmount,TRAPPC6A decreases the amount of TRAPPC6A,0.65,1,-0.8654032,0.0235342247005234
