perturbation,total_descendants,explained_count,not_explained_count,coverage,explained_descendants
PVT1,388,0,388,0.0,
CSDE1,322,0,322,0.0,
PROX1,160,0,160,0.0,
NME6,295,0,295,0.0,
ARPC2,306,0,306,0.0,
LPIN3,144,0,144,0.0,
MLH3,138,0,138,0.0,
TMEM222,153,0,153,0.0,
PRPH2,144,0,144,0.0,
CALCOCO1,187,0,187,0.0,
BAG6,171,0,171,0.0,
GTF3A,257,0,257,0.0,
SMUG1,114,0,114,0.0,
MNT,283,0,283,0.0,
SPRED3,127,0,127,0.0,
PCMTD2,143,0,143,0.0,
ARG2,164,0,164,0.0,
SMAD3,227,1,226,0.004405286343612335,CEBPB
QTRT1,129,0,129,0.0,
ATP6V0E2,155,0,155,0.0,
KDELR2,210,0,210,0.0,
SLC2A6,151,0,151,0.0,
BABAM1,127,0,127,0.0,
GSTO2,161,0,161,0.0,
ECM1,130,0,130,0.0,
CPNE5,158,0,158,0.0,
DYNC2LI1,127,0,127,0.0,
DNALI1,126,0,126,0.0,
PDLIM7,150,0,150,0.0,
C18ORF32,136,0,136,0.0,
HINT3,162,0,162,0.0,
HMGCR,311,0,311,0.0,
SEC61A2,178,0,178,0.0,
ROCK2,128,0,128,0.0,
LAG3,132,0,132,0.0,
TMED10,165,0,165,0.0,
GNAS,216,1,215,0.004629629629629629,RACK1
PVR,175,0,175,0.0,
ACAD11,221,0,221,0.0,
MICALL2,139,0,139,0.0,
STK38,140,0,140,0.0,
GPR162,155,0,155,0.0,
TRAF3IP2,188,0,188,0.0,
GSTM2,144,0,144,0.0,
ABCA5,125,0,125,0.0,
ZDHHC18,135,0,135,0.0,
TTBK2,139,0,139,0.0,
C1ORF54,122,0,122,0.0,
TIMM9,179,0,179,0.0,
NUDT3,161,0,161,0.0,
OMA1,207,0,207,0.0,
SLC2A11,137,0,137,0.0,
PHRF1,128,0,128,0.0,
SNX13,131,0,131,0.0,
DTYMK,201,0,201,0.0,
REXO4,168,0,168,0.0,
MALAT1,174,0,174,0.0,
WDR47,131,0,131,0.0,
DET1,194,0,194,0.0,
PLBD2,136,0,136,0.0,
RAB3A,148,0,148,0.0,
MANEA,210,0,210,0.0,
NFKBIL1,138,0,138,0.0,
TSLP,143,0,143,0.0,
ARNT,227,0,227,0.0,
ACCS,160,0,160,0.0,
KDM6B,153,0,153,0.0,
CARD8,146,0,146,0.0,
GSTO1,172,0,172,0.0,
TAOK1,200,0,200,0.0,
NR2C1,178,0,178,0.0,
MAP3K6,138,0,138,0.0,
CX3CL1,158,0,158,0.0,
ZNF581,113,0,113,0.0,
PLXNB1,141,0,141,0.0,
RAB5B,148,0,148,0.0,
PA2G4,234,0,234,0.0,
TRIP12,253,0,253,0.0,
TMUB1,203,0,203,0.0,
COASY,135,0,135,0.0,
QRICH2,189,0,189,0.0,
ECE1,142,0,142,0.0,
CDKN2B,203,1,202,0.0049261083743842365,CDK4
ZNF229,173,0,173,0.0,
APH1A,145,0,145,0.0,
ATXN7L2,144,0,144,0.0,
CTNND1,173,0,173,0.0,
EGR1,118,0,118,0.0,
TRIB1,157,0,157,0.0,
TMEM38A,115,0,115,0.0,
HAPLN3,169,0,169,0.0,
ITGA1,154,0,154,0.0,
MEGF9,159,0,159,0.0,
SFT2D3,129,0,129,0.0,
OS9,130,0,130,0.0,
PLEKHH3,176,0,176,0.0,
RAB1A,182,0,182,0.0,
GRB14,130,0,130,0.0,
ZNF785,157,0,157,0.0,
OTUD7B,147,0,147,0.0,
TLR4,149,0,149,0.0,
ACTG1,181,0,181,0.0,
MGA,163,0,163,0.0,
STAC3,121,0,121,0.0,
NOS3,176,0,176,0.0,
CYB561D1,158,0,158,0.0,
ADAMTS10,128,0,128,0.0,
MIER3,151,0,151,0.0,
RAP1A,137,0,137,0.0,
BMPER,169,0,169,0.0,
SETD3,136,0,136,0.0,
DOCK9,155,0,155,0.0,
UQCRC1,150,0,150,0.0,
PEX6,114,0,114,0.0,
EZR,164,0,164,0.0,
MIR762HG,155,0,155,0.0,
COLGALT1,177,0,177,0.0,
PSMD5,147,0,147,0.0,
TNXB,123,0,123,0.0,
FYCO1,148,0,148,0.0,
IFI30,199,0,199,0.0,
P2RX7,171,0,171,0.0,
HEATR5B,182,0,182,0.0,
ZNF324B,129,0,129,0.0,
REST,180,0,180,0.0,
AGAP2,142,0,142,0.0,
ARL4A,174,0,174,0.0,
PRKAR1A,188,0,188,0.0,
TTC32,132,0,132,0.0,
KMT2D,176,0,176,0.0,
RPL7L1,214,0,214,0.0,
AGPAT1,183,0,183,0.0,
ITGB4,132,1,131,0.007575757575757576,PTK2
DNMT3A,129,0,129,0.0,
AMT,191,0,191,0.0,
POGZ,164,0,164,0.0,
PECR,169,0,169,0.0,
SEC11C,148,0,148,0.0,
SELE,150,0,150,0.0,
EDEM2,154,0,154,0.0,
AKAP12,147,0,147,0.0,
VPS11,197,0,197,0.0,
IQGAP1,224,0,224,0.0,
DMRTA1,155,0,155,0.0,
ABHD17C,168,0,168,0.0,
MRPL34,173,0,173,0.0,
RASIP1,265,0,265,0.0,
TMEM115,148,0,148,0.0,
ARHGAP26,141,0,141,0.0,
PLPP3,137,0,137,0.0,
PDP1,154,0,154,0.0,
ENSA,166,0,166,0.0,
ZNF22,164,0,164,0.0,
HSPA13,144,0,144,0.0,
RGS12,172,0,172,0.0,
POLG,147,0,147,0.0,
CLIC1,170,0,170,0.0,
B3GNT8,184,0,184,0.0,
TNFRSF1B,178,0,178,0.0,
MAP1LC3B2,138,0,138,0.0,
RNFT1,173,0,173,0.0,
THADA,140,0,140,0.0,
FAIM,124,0,124,0.0,
MT1F,158,0,158,0.0,
TRPC4AP,201,0,201,0.0,
MESP1,154,0,154,0.0,
KLHL7,191,0,191,0.0,
XPO7,356,0,356,0.0,
TRA2A,144,0,144,0.0,
PDLIM2,137,0,137,0.0,
SOX4,160,0,160,0.0,
MYEOV,148,0,148,0.0,
CCDC36,141,0,141,0.0,
SMARCC1,122,0,122,0.0,
TNS2,144,0,144,0.0,
PLEKHA5,136,0,136,0.0,
LTN1,150,0,150,0.0,
NEAT1,144,0,144,0.0,
SH3RF1,161,0,161,0.0,
ZNF764,201,0,201,0.0,
PDCD6,137,0,137,0.0,
PHF19,165,0,165,0.0,
RAD50,135,0,135,0.0,
CDH13,137,0,137,0.0,
LSP1,165,0,165,0.0,
RAP1GDS1,154,1,153,0.006493506493506494,RAP1B
NCEH1,163,0,163,0.0,
SNAPC5,143,0,143,0.0,
THBD,143,0,143,0.0,
GPSM3,159,0,159,0.0,
NUB1,146,0,146,0.0,
HIF1A,147,0,147,0.0,
GLI2,131,0,131,0.0,
SHISA4,175,0,175,0.0,
MYH11,119,0,119,0.0,
PHLDA3,153,0,153,0.0,
EVL,144,0,144,0.0,
TBCEL,157,0,157,0.0,
ZNF281,247,0,247,0.0,
FLII,149,0,149,0.0,
MUS81,164,0,164,0.0,
ADAMTS7,132,0,132,0.0,
TTLL11,145,0,145,0.0,
EHMT2,193,1,192,0.0051813471502590676,CDYL
DHODH,104,0,104,0.0,
KCTD9,153,0,153,0.0,
LMAN1,173,0,173,0.0,
NUCB1,117,0,117,0.0,
TRAF6,141,1,140,0.0070921985815602835,MYC
PRR14,139,0,139,0.0,
NFKB2,182,0,182,0.0,
LAPTM4A,160,0,160,0.0,
DGKA,150,0,150,0.0,
SLC26A6,120,0,120,0.0,
RBFOX2,174,0,174,0.0,
CLDN1,166,0,166,0.0,
INPP5D,151,0,151,0.0,
UBA5,197,0,197,0.0,
IGFBP2,139,0,139,0.0,
VAMP8,145,0,145,0.0,
S100A10,142,0,142,0.0,
CEP41,198,0,198,0.0,
REPIN1,165,0,165,0.0,
NUFIP2,244,0,244,0.0,
DKK1,140,0,140,0.0,
NUDT1,158,0,158,0.0,
ZSCAN29,131,0,131,0.0,
FYN,153,2,151,0.013071895424836602,"DPYSL2,CTNND1"
TNFRSF14,147,0,147,0.0,
RAB13,147,0,147,0.0,
NDUFAF1,154,0,154,0.0,
PAK2,165,1,164,0.006060606060606061,MYL9
IFI27L2,166,0,166,0.0,
ST3GAL4,156,0,156,0.0,
NOTCH4,127,0,127,0.0,
SOCS5,150,0,150,0.0,
CYTH3,134,0,134,0.0,
NCOA5,226,0,226,0.0,
OASL,114,0,114,0.0,
MRPL3,165,0,165,0.0,
TMEM184C,150,0,150,0.0,
SVIL,154,0,154,0.0,
IBTK,138,0,138,0.0,
CYP2J2,148,0,148,0.0,
P4HA2,134,0,134,0.0,
GSS,125,0,125,0.0,
ZNF774,164,0,164,0.0,
FAM126A,138,0,138,0.0,
DDX60L,130,0,130,0.0,
ABCG4,152,0,152,0.0,
HHAT,147,0,147,0.0,
CHUK,228,2,226,0.008771929824561403,"MTOR,TAX1BP1"
RNF146,159,0,159,0.0,
ZNF827,204,0,204,0.0,
SCARB1,156,0,156,0.0,
MMP11,115,0,115,0.0,
KIF3A,162,0,162,0.0,
TRIM68,176,0,176,0.0,
UBE2D1,164,0,164,0.0,
SIX2,172,0,172,0.0,
HECW1,112,0,112,0.0,
RWDD2B,142,0,142,0.0,
MOCS2,152,0,152,0.0,
SLC46A3,137,0,137,0.0,
AGAP3,148,0,148,0.0,
USP25,132,0,132,0.0,
DMXL1,172,0,172,0.0,
YES1,155,0,155,0.0,
VPS45,155,0,155,0.0,
PLTP,135,0,135,0.0,
IFIT1,150,0,150,0.0,
AP1G1,152,0,152,0.0,
TNFSF10,159,0,159,0.0,
POLR2M,140,0,140,0.0,
CCRL2,172,0,172,0.0,
AAGAB,210,0,210,0.0,
TMEM123,126,0,126,0.0,
OPTN,154,0,154,0.0,
RAPGEF3,157,0,157,0.0,
PRKD1,128,2,126,0.015625,"DYNLL1,CFL1"
POLG2,210,0,210,0.0,
KALRN,166,0,166,0.0,
ABHD16A,179,0,179,0.0,
MAST3,159,0,159,0.0,
PMVK,133,0,133,0.0,
LIPG,152,0,152,0.0,
DCUN1D5,152,0,152,0.0,
NT5C3B,142,0,142,0.0,
YLPM1,395,0,395,0.0,
AGTRAP,149,0,149,0.0,
ACOT8,147,0,147,0.0,
ZNRF1,129,0,129,0.0,
IRF1,157,0,157,0.0,
COG2,149,0,149,0.0,
CCL2,130,0,130,0.0,
TMEM9,177,0,177,0.0,
TSFM,143,0,143,0.0,
CREB1,133,0,133,0.0,
LTB,130,0,130,0.0,
CD40,140,0,140,0.0,
QPCT,120,0,120,0.0,
BOLA1,148,0,148,0.0,
DAP,145,0,145,0.0,
GCOM1,163,0,163,0.0,
BLOC1S3,130,0,130,0.0,
MTPAP,227,0,227,0.0,
GABARAPL2,138,0,138,0.0,
KPNA2,192,0,192,0.0,
TMEM167B,170,0,170,0.0,
AGPAT4,157,0,157,0.0,
DGCR6L,134,0,134,0.0,
TRIM47,159,0,159,0.0,
DHCR24,151,1,150,0.006622516556291391,DHCR7
ZNF235,138,0,138,0.0,
PMAIP1,113,0,113,0.0,
ABHD2,123,0,123,0.0,
NRP1,131,0,131,0.0,
ALKBH3,126,0,126,0.0,
MT1E,133,0,133,0.0,
MLEC,182,0,182,0.0,
PPP3CC,158,0,158,0.0,
ZSWIM3,253,0,253,0.0,
CDCA2,145,0,145,0.0,
FLI1,195,0,195,0.0,
SMARCB1,209,0,209,0.0,
EMP2,162,0,162,0.0,
CUL9,138,0,138,0.0,
SMIM13,126,0,126,0.0,
TYRO3,175,0,175,0.0,
UIMC1,155,0,155,0.0,
INPP5B,160,0,160,0.0,
VWF,121,0,121,0.0,
FZD6,144,0,144,0.0,
IRF3,142,0,142,0.0,
DHTKD1,228,0,228,0.0,
UHRF1BP1,164,0,164,0.0,
MFSD4B,156,0,156,0.0,
GSTM4,154,0,154,0.0,
SLC22A4,144,0,144,0.0,
UGGT1,170,0,170,0.0,
SMARCAD1,182,0,182,0.0,
ALS2CL,128,0,128,0.0,
NDUFA8,173,0,173,0.0,
RSPO3,121,0,121,0.0,
AGER,162,0,162,0.0,
CNPY3,175,0,175,0.0,
SMARCD2,188,0,188,0.0,
ZNF296,130,0,130,0.0,
SBF2,169,0,169,0.0,
ACSS2,138,0,138,0.0,
IST1,174,0,174,0.0,
STAT5A,171,0,171,0.0,
NUDT18,159,0,159,0.0,
PARP12,179,0,179,0.0,
FGD6,150,0,150,0.0,
TRAPPC6A,147,0,147,0.0,
