perturbation,total_targets,explained_1hop,explained_2hop,explained_3hop,explained_1hop_excl,explained_2hop_excl,explained_3hop_excl,total_explained,coverage_1hop,coverage_2hop,coverage_3hop,coverage_total,unexplained
AAGAB,210,0,10,202,0,10,192,202,0.0,4.761904761904762,96.19047619047619,96.19047619047619,8
ABCA5,125,0,24,124,0,24,100,124,0.0,19.2,99.2,99.2,1
ABCG4,152,0,40,150,0,40,110,150,0.0,26.31578947368421,98.68421052631578,98.68421052631578,2
ABHD16A,179,0,45,177,0,45,132,177,0.0,25.139664804469277,98.88268156424581,98.88268156424581,2
ABHD17C,168,0,8,0,0,8,0,8,0.0,4.761904761904762,0.0,4.761904761904762,160
ABHD2,123,0,70,120,0,70,50,120,0.0,56.91056910569105,97.5609756097561,97.5609756097561,3
ACAD11,221,0,39,219,0,39,180,219,0.0,17.647058823529413,99.09502262443439,99.09502262443439,2
ACCS,160,0,30,153,0,30,123,153,0.0,18.75,95.625,95.625,7
ACOT8,147,0,59,147,0,59,88,147,0.0,40.136054421768705,100.0,100.0,0
ACSS2,138,0,98,136,0,98,38,136,0.0,71.01449275362319,98.55072463768117,98.55072463768117,2
ACTG1,181,3,115,179,3,112,64,179,1.6574585635359116,63.53591160220995,98.89502762430939,98.89502762430939,2
ADAMTS10,128,0,27,127,0,27,100,127,0.0,21.09375,99.21875,99.21875,1
ADAMTS7,132,0,51,0,0,51,0,51,0.0,38.63636363636363,0.0,38.63636363636363,81
AGAP2,142,0,91,139,0,91,48,139,0.0,64.08450704225352,97.88732394366197,97.88732394366197,3
AGAP3,148,0,53,146,0,53,93,146,0.0,35.810810810810814,98.64864864864865,98.64864864864865,2
AGER,162,2,159,160,2,157,1,160,1.2345679012345678,98.14814814814815,98.76543209876543,98.76543209876543,2
AGPAT1,183,0,140,181,0,140,41,181,0.0,76.50273224043715,98.90710382513662,98.90710382513662,2
AGPAT4,157,0,33,155,0,33,122,155,0.0,21.019108280254777,98.72611464968153,98.72611464968153,2
AGTRAP,149,1,47,146,1,47,99,147,0.6711409395973155,31.543624161073826,97.98657718120806,98.65771812080537,2
AKAP12,147,0,103,147,0,103,44,147,0.0,70.06802721088435,100.0,100.0,0
ALKBH3,126,0,45,123,0,45,78,123,0.0,35.714285714285715,97.61904761904762,97.61904761904762,3
ALS2CL,128,0,0,0,0,0,0,0,0.0,0.0,0.0,0.0,128
AMT,191,0,133,191,0,133,58,191,0.0,69.63350785340315,100.0,100.0,0
AP1G1,152,0,35,148,0,35,113,148,0.0,23.026315789473685,97.36842105263158,97.36842105263158,4
APH1A,145,1,66,143,1,65,77,143,0.6896551724137931,45.51724137931035,98.62068965517241,98.62068965517241,2
ARG2,164,0,69,163,0,69,94,163,0.0,42.073170731707314,99.39024390243902,99.39024390243902,1
ARHGAP26,141,1,49,139,1,48,90,139,0.7092198581560284,34.751773049645394,98.58156028368793,98.58156028368793,2
ARL4A,174,0,79,172,0,79,93,172,0.0,45.40229885057471,98.85057471264368,98.85057471264368,2
ARNT,227,13,217,224,13,204,7,224,5.726872246696035,95.59471365638767,98.6784140969163,98.6784140969163,3
ARPC2,306,1,114,303,1,113,189,303,0.32679738562091504,37.254901960784316,99.01960784313727,99.01960784313727,3
ATP6V0E2,155,0,1,135,0,1,134,135,0.0,0.6451612903225806,87.09677419354838,87.09677419354838,20
ATXN7L2,144,0,2,114,0,2,112,114,0.0,1.3888888888888888,79.16666666666666,79.16666666666666,30
B3GNT8,184,0,10,0,0,10,0,10,0.0,5.434782608695652,0.0,5.434782608695652,174
BABAM1,127,0,34,127,0,34,93,127,0.0,26.77165354330709,100.0,100.0,0
BAG6,171,0,112,171,0,112,59,171,0.0,65.49707602339181,100.0,100.0,0
BLOC1S3,130,0,3,117,0,3,114,117,0.0,2.307692307692308,90.0,90.0,13
BMPER,169,1,83,169,1,82,86,169,0.591715976331361,49.112426035502956,100.0,100.0,0
BOLA1,148,0,15,145,0,15,130,145,0.0,10.135135135135135,97.97297297297297,97.97297297297297,3
C18orf32,136,0,0,0,0,0,0,0,0.0,0.0,0.0,0.0,136
C1orf54,122,0,0,0,0,0,0,0,0.0,0.0,0.0,0.0,122
CALCOCO1,187,0,148,185,0,148,37,185,0.0,79.14438502673798,98.93048128342245,98.93048128342245,2
CARD8,146,1,42,145,1,41,103,145,0.684931506849315,28.767123287671232,99.31506849315068,99.31506849315068,1
CCDC36,141,0,10,138,0,10,128,138,0.0,7.092198581560284,97.87234042553192,97.87234042553192,3
CCL2,130,4,127,128,4,124,1,129,3.076923076923077,97.6923076923077,98.46153846153847,99.23076923076923,1
CCRL2,172,0,79,170,0,79,91,170,0.0,45.93023255813954,98.83720930232558,98.83720930232558,2
CD40,140,0,134,139,0,134,5,139,0.0,95.71428571428572,99.28571428571429,99.28571428571429,1
CDCA2,145,0,59,145,0,59,86,145,0.0,40.689655172413794,100.0,100.0,0
CDH13,137,1,116,136,1,115,20,136,0.7299270072992701,84.67153284671532,99.27007299270073,99.27007299270073,1
CDKN2B,203,3,158,202,3,155,44,202,1.477832512315271,77.83251231527095,99.50738916256158,99.50738916256158,1
CEP41,198,0,58,196,0,58,138,196,0.0,29.292929292929294,98.98989898989899,98.98989898989899,2
CHUK,228,1,208,227,1,207,19,227,0.43859649122807015,91.22807017543859,99.56140350877193,99.56140350877193,1
CLDN1,166,0,157,166,0,157,9,166,0.0,94.57831325301204,100.0,100.0,0
CLIC1,170,1,109,169,1,108,60,169,0.5882352941176471,64.11764705882354,99.41176470588235,99.41176470588235,1
CNPY3,175,0,51,172,0,51,121,172,0.0,29.142857142857142,98.28571428571429,98.28571428571429,3
COASY,135,0,34,135,0,34,101,135,0.0,25.185185185185183,100.0,100.0,0
COG2,149,0,44,148,0,44,104,148,0.0,29.53020134228188,99.32885906040269,99.32885906040269,1
COLGALT1,177,0,34,176,0,34,142,176,0.0,19.2090395480226,99.43502824858757,99.43502824858757,1
CPNE5,158,0,7,142,0,7,135,142,0.0,4.430379746835443,89.87341772151899,89.87341772151899,16
CREB1,133,17,122,132,17,105,10,132,12.781954887218044,91.72932330827066,99.24812030075188,99.24812030075188,1
CSDE1,322,3,182,320,3,181,137,321,0.9316770186335404,56.52173913043478,99.37888198757764,99.68944099378882,1
CTNND1,173,2,141,170,2,140,29,171,1.1560693641618496,81.5028901734104,98.26589595375722,98.84393063583815,2
CUL9,138,0,40,138,0,40,98,138,0.0,28.985507246376812,100.0,100.0,0
CX3CL1,158,1,130,154,1,129,24,154,0.6329113924050633,82.27848101265823,97.46835443037975,97.46835443037975,4
CYB561D1,158,0,0,0,0,0,0,0,0.0,0.0,0.0,0.0,158
CYP2J2,148,0,108,148,0,108,40,148,0.0,72.97297297297297,100.0,100.0,0
CYTH3,134,0,79,132,0,79,53,132,0.0,58.95522388059702,98.50746268656717,98.50746268656717,2
DAP,145,0,83,143,0,83,60,143,0.0,57.24137931034483,98.62068965517241,98.62068965517241,2
DCUN1D5,152,0,12,151,0,12,139,151,0.0,7.894736842105263,99.3421052631579,99.3421052631579,1
DDX60L,130,0,13,126,0,13,113,126,0.0,10.0,96.92307692307692,96.92307692307692,4
DET1,194,0,103,192,0,103,89,192,0.0,53.09278350515464,98.96907216494846,98.96907216494846,2
DGCR6L,134,0,0,126,0,0,126,126,0.0,0.0,94.02985074626866,94.02985074626866,8
DGKA,150,1,128,149,1,127,21,149,0.6666666666666667,85.33333333333334,99.33333333333333,99.33333333333333,1
DHCR24,151,1,135,147,1,134,12,147,0.6622516556291391,89.40397350993378,97.35099337748345,97.35099337748345,4
DHODH,104,1,67,102,1,66,35,102,0.9615384615384616,64.42307692307693,98.07692307692307,98.07692307692307,2
DHTKD1,228,0,65,218,0,65,155,220,0.0,28.50877192982456,95.6140350877193,96.49122807017544,8
DKK1,140,0,0,0,0,0,0,0,0.0,0.0,0.0,0.0,140
DMRTA1,155,0,71,155,0,71,84,155,0.0,45.806451612903224,100.0,100.0,0
DMXL1,172,0,13,143,0,13,131,144,0.0,7.55813953488372,83.13953488372093,83.72093023255815,28
DNALI1,126,0,44,125,0,44,81,125,0.0,34.92063492063492,99.20634920634922,99.20634920634922,1
DNMT3A,129,1,125,127,1,124,2,127,0.7751937984496124,96.89922480620154,98.44961240310077,98.44961240310077,2
DOCK9,155,0,58,153,0,58,95,153,0.0,37.41935483870968,98.70967741935483,98.70967741935483,2
DTYMK,201,0,164,200,0,164,36,200,0.0,81.59203980099502,99.50248756218906,99.50248756218906,1
DYNC2LI1,127,0,9,120,0,9,111,120,0.0,7.086614173228346,94.48818897637796,94.48818897637796,7
ECE1,142,1,126,142,1,125,16,142,0.7042253521126761,88.73239436619718,100.0,100.0,0
ECM1,130,2,61,128,2,59,67,128,1.5384615384615385,46.92307692307692,98.46153846153847,98.46153846153847,2
EDEM2,154,1,51,152,1,50,101,152,0.6493506493506493,33.116883116883116,98.7012987012987,98.7012987012987,2
EGR1,118,12,117,118,12,105,1,118,10.16949152542373,99.15254237288136,100.0,100.0,0
EHMT2,193,1,169,191,1,168,22,191,0.5181347150259068,87.56476683937824,98.96373056994818,98.96373056994818,2
EMP2,162,0,77,162,0,77,85,162,0.0,47.53086419753087,100.0,100.0,0
ENSA,166,1,49,166,1,48,117,166,0.6024096385542169,29.518072289156628,100.0,100.0,0
EVL,144,1,113,142,1,112,29,142,0.6944444444444444,78.47222222222221,98.61111111111111,98.61111111111111,2
EZR,164,3,131,162,3,128,31,162,1.8292682926829267,79.8780487804878,98.78048780487805,98.78048780487805,2
FAIM,124,0,46,124,0,46,78,124,0.0,37.096774193548384,100.0,100.0,0
FAM126A,138,4,129,138,4,125,9,138,2.898550724637681,93.47826086956522,100.0,100.0,0
FGD6,150,0,25,147,0,25,122,147,0.0,16.666666666666664,98.0,98.0,3
FLI1,195,7,175,193,7,168,18,193,3.5897435897435894,89.74358974358975,98.97435897435898,98.97435897435898,2
FLII,149,1,109,146,1,108,37,146,0.6711409395973155,73.15436241610739,97.98657718120806,97.98657718120806,3
FYCO1,148,0,38,145,0,38,107,145,0.0,25.675675675675674,97.97297297297297,97.97297297297297,3
FYN,153,1,137,152,1,136,15,152,0.6535947712418301,89.54248366013073,99.34640522875817,99.34640522875817,1
FZD6,144,1,70,140,1,70,70,141,0.6944444444444444,48.61111111111111,97.22222222222221,97.91666666666666,3
GABARAPL2,138,0,75,136,0,75,61,136,0.0,54.347826086956516,98.55072463768117,98.55072463768117,2
GCOM1,163,0,6,148,0,6,142,148,0.0,3.6809815950920246,90.79754601226993,90.79754601226993,15
GLI2,131,0,113,129,0,113,16,129,0.0,86.25954198473282,98.47328244274809,98.47328244274809,2
GNAS,216,2,203,214,2,201,11,214,0.9259259259259258,93.98148148148148,99.07407407407408,99.07407407407408,2
GPR162,155,0,16,150,0,16,134,150,0.0,10.32258064516129,96.7741935483871,96.7741935483871,5
GPSM3,159,0,30,0,0,30,0,30,0.0,18.867924528301888,0.0,18.867924528301888,129
GRB14,130,0,57,129,0,57,72,129,0.0,43.84615384615385,99.23076923076923,99.23076923076923,1
GSS,125,2,108,125,2,106,17,125,1.6,86.4,100.0,100.0,0
GSTM2,144,0,77,144,0,77,67,144,0.0,53.47222222222222,100.0,100.0,0
GSTM4,154,0,79,154,0,79,75,154,0.0,51.298701298701296,100.0,100.0,0
GSTO1,172,1,119,171,1,118,52,171,0.5813953488372093,69.18604651162791,99.4186046511628,99.4186046511628,1
GSTO2,161,0,57,161,0,57,104,161,0.0,35.40372670807454,100.0,100.0,0
GTF3A,257,9,201,254,9,194,52,255,3.501945525291829,78.21011673151752,98.83268482490273,99.22178988326849,2
HAPLN3,169,0,19,167,0,19,148,167,0.0,11.242603550295858,98.81656804733728,98.81656804733728,2
HEATR5B,182,0,4,174,0,4,170,174,0.0,2.197802197802198,95.6043956043956,95.6043956043956,8
HECW1,112,0,38,112,0,38,74,112,0.0,33.92857142857143,100.0,100.0,0
HHAT,147,0,83,147,0,83,64,147,0.0,56.4625850340136,100.0,100.0,0
HIF1A,147,13,147,147,13,134,0,147,8.843537414965986,100.0,100.0,100.0,0
HINT3,162,0,8,154,0,8,146,154,0.0,4.938271604938271,95.06172839506173,95.06172839506173,8
HMGCR,311,2,306,311,2,304,5,311,0.6430868167202572,98.39228295819936,100.0,100.0,0
HSPA13,144,0,58,142,0,58,84,142,0.0,40.27777777777778,98.61111111111111,98.61111111111111,2
IBTK,138,1,54,137,1,53,83,137,0.7246376811594203,39.130434782608695,99.27536231884058,99.27536231884058,1
IFI27L2,166,0,7,158,0,7,151,158,0.0,4.216867469879518,95.18072289156626,95.18072289156626,8
IFI30,199,0,97,198,0,97,101,198,0.0,48.743718592964825,99.49748743718592,99.49748743718592,1
IFIT1,150,0,130,150,0,130,20,150,0.0,86.66666666666667,100.0,100.0,0
IGFBP2,139,1,132,139,1,131,7,139,0.7194244604316548,94.96402877697841,100.0,100.0,0
INPP5B,160,0,48,159,0,48,111,159,0.0,30.0,99.375,99.375,1
INPP5D,151,0,133,149,0,133,16,149,0.0,88.0794701986755,98.67549668874173,98.67549668874173,2
IQGAP1,224,2,192,224,2,190,32,224,0.8928571428571428,85.71428571428571,100.0,100.0,0
IRF1,157,10,143,154,10,133,11,154,6.369426751592357,91.0828025477707,98.08917197452229,98.08917197452229,3
IRF3,142,4,128,141,4,124,13,141,2.8169014084507045,90.14084507042254,99.29577464788733,99.29577464788733,1
IST1,174,0,36,174,0,36,138,174,0.0,20.689655172413794,100.0,100.0,0
ITGA1,154,0,78,152,0,78,74,152,0.0,50.649350649350644,98.7012987012987,98.7012987012987,2
ITGB4,132,1,76,129,1,75,53,129,0.7575757575757576,57.57575757575758,97.72727272727273,97.72727272727273,3
KALRN,166,0,94,165,0,94,71,165,0.0,56.62650602409639,99.3975903614458,99.3975903614458,1
KCTD9,153,0,15,150,0,15,135,150,0.0,9.803921568627452,98.0392156862745,98.0392156862745,3
KDELR2,210,1,78,207,1,77,129,207,0.4761904761904762,37.142857142857146,98.57142857142858,98.57142857142858,3
KDM6B,153,2,142,149,2,140,7,149,1.3071895424836601,92.81045751633987,97.38562091503267,97.38562091503267,4
KIF3A,162,1,81,161,1,80,80,161,0.6172839506172839,50.0,99.38271604938271,99.38271604938271,1
KLHL7,191,0,47,188,0,47,141,188,0.0,24.60732984293194,98.42931937172776,98.42931937172776,3
KMT2D,176,0,165,174,0,165,9,174,0.0,93.75,98.86363636363636,98.86363636363636,2
KPNA2,192,1,164,191,1,163,27,191,0.5208333333333333,85.41666666666666,99.47916666666666,99.47916666666666,1
LAG3,132,0,124,130,0,124,6,130,0.0,93.93939393939394,98.48484848484848,98.48484848484848,2
LAPTM4A,160,0,71,156,0,71,85,156,0.0,44.375,97.5,97.5,4
LIPG,152,0,115,152,0,115,37,152,0.0,75.6578947368421,100.0,100.0,0
LMAN1,173,1,61,172,1,60,111,172,0.5780346820809248,35.26011560693642,99.42196531791907,99.42196531791907,1
LPIN3,144,0,19,141,0,19,122,141,0.0,13.194444444444445,97.91666666666666,97.91666666666666,3
LSP1,165,0,85,164,0,85,79,164,0.0,51.515151515151516,99.39393939393939,99.39393939393939,1
LTB,130,0,114,130,0,114,16,130,0.0,87.6923076923077,100.0,100.0,0
LTN1,150,0,44,147,0,44,103,147,0.0,29.333333333333332,98.0,98.0,3
MALAT1,174,0,116,174,0,116,58,174,0.0,66.66666666666666,100.0,100.0,0
MANEA,210,0,25,207,0,25,182,207,0.0,11.904761904761903,98.57142857142858,98.57142857142858,3
MAP1LC3B2,138,0,4,94,0,4,90,94,0.0,2.898550724637681,68.11594202898551,68.11594202898551,44
MAP3K6,138,0,49,135,0,49,86,135,0.0,35.507246376811594,97.82608695652173,97.82608695652173,3
MAST3,159,0,37,156,0,37,119,156,0.0,23.270440251572328,98.11320754716981,98.11320754716981,3
MEGF9,159,0,5,153,0,5,148,153,0.0,3.1446540880503147,96.22641509433963,96.22641509433963,6
MESP1,154,0,82,152,0,82,70,152,0.0,53.246753246753244,98.7012987012987,98.7012987012987,2
MFSD4B,156,0,63,156,0,63,93,156,0.0,40.38461538461539,100.0,100.0,0
MGA,163,0,40,160,0,40,120,160,0.0,24.539877300613497,98.15950920245399,98.15950920245399,3
MICALL2,139,0,45,138,0,45,93,138,0.0,32.37410071942446,99.28057553956835,99.28057553956835,1
MIER3,151,0,77,150,0,77,73,150,0.0,50.993377483443716,99.33774834437085,99.33774834437085,1
MIR762HG,155,0,0,0,0,0,0,0,0.0,0.0,0.0,0.0,155
MLEC,182,0,84,181,0,84,97,181,0.0,46.15384615384615,99.45054945054946,99.45054945054946,1
MLH3,138,0,36,137,0,36,101,137,0.0,26.08695652173913,99.27536231884058,99.27536231884058,1
MMP11,115,1,112,114,1,111,2,114,0.8695652173913043,97.3913043478261,99.1304347826087,99.1304347826087,1
MNT,283,0,245,282,0,245,37,282,0.0,86.57243816254417,99.64664310954063,99.64664310954063,1
MOCS2,152,0,6,151,0,6,145,151,0.0,3.9473684210526314,99.3421052631579,99.3421052631579,1
MRPL3,165,0,18,162,0,18,144,162,0.0,10.909090909090908,98.18181818181819,98.18181818181819,3
MRPL34,173,0,15,166,0,15,151,166,0.0,8.670520231213873,95.95375722543352,95.95375722543352,7
MT1E,133,0,99,131,0,99,32,131,0.0,74.43609022556392,98.49624060150376,98.49624060150376,2
MT1F,158,0,75,154,0,75,79,154,0.0,47.46835443037975,97.46835443037975,97.46835443037975,4
MTPAP,227,0,32,225,0,32,193,225,0.0,14.096916299559473,99.11894273127754,99.11894273127754,2
MUS81,164,0,133,162,0,133,29,162,0.0,81.09756097560977,98.78048780487805,98.78048780487805,2
MYEOV,148,1,50,146,1,49,96,146,0.6756756756756757,33.78378378378378,98.64864864864865,98.64864864864865,2
MYH11,119,0,84,117,0,84,33,117,0.0,70.58823529411765,98.31932773109243,98.31932773109243,2
NCEH1,163,0,53,160,0,53,107,160,0.0,32.515337423312886,98.15950920245399,98.15950920245399,3
NCOA5,226,0,172,224,0,172,52,224,0.0,76.10619469026548,99.11504424778761,99.11504424778761,2
NDUFA8,173,0,35,172,0,35,137,172,0.0,20.23121387283237,99.42196531791907,99.42196531791907,1
NDUFAF1,154,0,71,152,0,71,81,152,0.0,46.103896103896105,98.7012987012987,98.7012987012987,2
NEAT1,144,1,96,142,1,95,46,142,0.6944444444444444,66.66666666666666,98.61111111111111,98.61111111111111,2
NFKB2,182,1,160,181,1,159,21,181,0.5494505494505495,87.91208791208791,99.45054945054946,99.45054945054946,1
NFKBIL1,138,0,25,134,0,25,109,134,0.0,18.115942028985508,97.10144927536231,97.10144927536231,4
NME6,295,0,13,288,0,13,275,288,0.0,4.406779661016949,97.6271186440678,97.6271186440678,7
NOS3,176,4,173,174,4,169,1,174,2.272727272727273,98.29545454545455,98.86363636363636,98.86363636363636,2
NOTCH4,127,3,88,125,3,86,37,126,2.3622047244094486,69.29133858267717,98.4251968503937,99.21259842519686,1
NR2C1,178,0,124,174,0,124,50,174,0.0,69.66292134831461,97.75280898876404,97.75280898876404,4
NRP1,131,1,115,129,1,115,14,130,0.7633587786259541,87.78625954198473,98.47328244274809,99.23664122137404,1
NT5C3B,142,0,2,139,0,2,137,139,0.0,1.4084507042253522,97.88732394366197,97.88732394366197,3
NUB1,146,3,31,143,3,28,112,143,2.054794520547945,21.232876712328768,97.94520547945206,97.94520547945206,3
NUCB1,117,1,82,117,1,81,35,117,0.8547008547008548,70.08547008547008,100.0,100.0,0
NUDT1,158,0,76,155,0,76,79,155,0.0,48.10126582278481,98.10126582278481,98.10126582278481,3
NUDT18,159,0,32,159,0,32,127,159,0.0,20.125786163522015,100.0,100.0,0
NUDT3,161,0,22,156,0,22,134,156,0.0,13.664596273291925,96.8944099378882,96.8944099378882,5
NUFIP2,244,0,61,239,0,61,178,239,0.0,25.0,97.95081967213115,97.95081967213115,5
OASL,114,0,49,113,0,49,64,113,0.0,42.98245614035088,99.12280701754386,99.12280701754386,1
OMA1,207,1,156,205,1,155,49,205,0.4830917874396135,75.36231884057972,99.03381642512076,99.03381642512076,2
OPTN,154,2,104,153,2,102,49,153,1.2987012987012987,67.53246753246754,99.35064935064936,99.35064935064936,1
OS9,130,1,45,128,1,44,83,128,0.7692307692307693,34.61538461538461,98.46153846153847,98.46153846153847,2
OTUD7B,147,0,87,147,0,87,60,147,0.0,59.183673469387756,100.0,100.0,0
P2RX7,171,6,164,171,6,158,7,171,3.508771929824561,95.90643274853801,100.0,100.0,0
P4HA2,134,1,60,134,1,59,74,134,0.7462686567164178,44.776119402985074,100.0,100.0,0
PA2G4,234,2,208,230,2,207,22,231,0.8547008547008548,88.88888888888889,98.29059829059828,98.71794871794873,3
PAK2,165,1,144,161,1,144,17,162,0.6060606060606061,87.27272727272727,97.57575757575758,98.18181818181819,3
PARP12,179,0,54,178,0,54,124,178,0.0,30.16759776536313,99.4413407821229,99.4413407821229,1
PCMTD2,143,0,7,142,0,7,135,142,0.0,4.895104895104895,99.3006993006993,99.3006993006993,1
PDCD6,137,1,95,134,1,94,39,134,0.7299270072992701,69.34306569343066,97.8102189781022,97.8102189781022,3
PDLIM2,137,0,71,135,0,71,64,135,0.0,51.82481751824818,98.54014598540147,98.54014598540147,2
PDLIM7,150,1,137,148,1,136,11,148,0.6666666666666667,91.33333333333333,98.66666666666667,98.66666666666667,2
PDP1,154,0,100,154,0,100,54,154,0.0,64.93506493506493,100.0,100.0,0
PECR,169,0,60,168,0,60,108,168,0.0,35.50295857988166,99.40828402366864,99.40828402366864,1
PEX6,114,0,18,113,0,18,95,113,0.0,15.789473684210526,99.12280701754386,99.12280701754386,1
PHF19,165,1,100,164,1,99,64,164,0.6060606060606061,60.60606060606061,99.39393939393939,99.39393939393939,1
PHLDA3,153,0,52,152,0,52,100,152,0.0,33.98692810457516,99.34640522875817,99.34640522875817,1
PHRF1,128,0,31,128,0,31,97,128,0.0,24.21875,100.0,100.0,0
PLBD2,136,0,82,133,0,82,51,133,0.0,60.29411764705882,97.79411764705883,97.79411764705883,3
PLEKHA5,136,0,38,135,0,38,97,135,0.0,27.941176470588236,99.26470588235294,99.26470588235294,1
PLEKHH3,176,0,1,0,0,1,0,1,0.0,0.5681818181818182,0.0,0.5681818181818182,175
PLPP3,137,1,55,135,1,54,80,135,0.7299270072992701,40.14598540145985,98.54014598540147,98.54014598540147,2
PLTP,135,0,76,135,0,76,59,135,0.0,56.2962962962963,100.0,100.0,0
PLXNB1,141,0,115,139,0,115,24,139,0.0,81.56028368794325,98.58156028368793,98.58156028368793,2
PMAIP1,113,3,111,113,3,108,2,113,2.6548672566371683,98.23008849557522,100.0,100.0,0
PMVK,133,1,37,133,1,36,96,133,0.7518796992481203,27.819548872180448,100.0,100.0,0
POGZ,164,1,88,160,1,88,71,160,0.6097560975609756,53.65853658536586,97.5609756097561,97.5609756097561,4
POLG,147,1,128,147,1,127,19,147,0.6802721088435374,87.07482993197279,100.0,100.0,0
POLG2,210,0,64,206,0,64,142,206,0.0,30.476190476190478,98.09523809523809,98.09523809523809,4
POLR2M,140,0,24,138,0,24,114,138,0.0,17.142857142857142,98.57142857142858,98.57142857142858,2
PPP3CC,158,0,49,157,0,49,108,157,0.0,31.0126582278481,99.36708860759494,99.36708860759494,1
PRKAR1A,188,1,124,184,1,124,60,185,0.5319148936170213,65.95744680851064,97.87234042553192,98.40425531914893,3
PRKD1,128,0,114,127,0,114,13,127,0.0,89.0625,99.21875,99.21875,1
PROX1,160,1,121,159,1,120,38,159,0.625,75.625,99.375,99.375,1
PRPH2,144,0,81,143,0,81,62,143,0.0,56.25,99.30555555555556,99.30555555555556,1
PRR14,139,0,49,136,0,49,87,136,0.0,35.25179856115108,97.84172661870504,97.84172661870504,3
PSMD5,147,0,43,146,0,43,103,146,0.0,29.25170068027211,99.31972789115646,99.31972789115646,1
PVR,175,2,163,173,2,161,10,173,1.1428571428571428,93.14285714285714,98.85714285714286,98.85714285714286,2
PVT1,388,3,288,383,3,285,95,383,0.7731958762886598,74.22680412371135,98.71134020618557,98.71134020618557,5
QPCT,120,0,106,118,0,106,12,118,0.0,88.33333333333333,98.33333333333333,98.33333333333333,2
QRICH2,189,0,54,182,0,54,128,182,0.0,28.57142857142857,96.29629629629629,96.29629629629629,7
QTRT1,129,0,23,128,0,23,105,128,0.0,17.829457364341085,99.2248062015504,99.2248062015504,1
RAB13,147,1,59,146,1,58,87,146,0.6802721088435374,40.136054421768705,99.31972789115646,99.31972789115646,1
RAB1A,182,2,94,178,2,92,84,178,1.098901098901099,51.64835164835166,97.8021978021978,97.8021978021978,4
RAB3A,148,0,65,144,0,65,79,144,0.0,43.91891891891892,97.2972972972973,97.2972972972973,4
RAB5B,148,1,37,148,1,36,111,148,0.6756756756756757,25.0,100.0,100.0,0
RAD50,135,1,105,131,1,105,26,132,0.7407407407407408,77.77777777777779,97.03703703703704,97.77777777777777,3
RAP1A,137,0,82,137,0,82,55,137,0.0,59.854014598540154,100.0,100.0,0
RAP1GDS1,154,1,67,153,1,66,86,153,0.6493506493506493,43.506493506493506,99.35064935064936,99.35064935064936,1
RAPGEF3,157,0,133,155,0,133,22,155,0.0,84.71337579617835,98.72611464968153,98.72611464968153,2
RASIP1,265,0,119,261,0,119,142,261,0.0,44.905660377358494,98.49056603773585,98.49056603773585,4
RBFOX2,174,2,147,174,2,145,27,174,1.1494252873563218,84.48275862068965,100.0,100.0,0
REPIN1,165,10,118,163,10,108,45,163,6.0606060606060606,71.51515151515152,98.7878787878788,98.7878787878788,2
REST,180,1,170,179,1,169,9,179,0.5555555555555556,94.44444444444444,99.44444444444444,99.44444444444444,1
REXO4,168,0,35,164,0,35,129,164,0.0,20.833333333333336,97.61904761904762,97.61904761904762,4
RGS12,172,2,96,169,2,94,73,169,1.1627906976744187,55.81395348837209,98.25581395348837,98.25581395348837,3
RNF146,159,0,64,158,0,64,95,159,0.0,40.25157232704403,99.37106918238993,100.0,0
RNFT1,173,0,1,132,0,1,131,132,0.0,0.5780346820809248,76.30057803468208,76.30057803468208,41
ROCK2,128,1,119,128,1,118,9,128,0.78125,92.96875,100.0,100.0,0
RPL7L1,214,0,17,200,0,17,183,200,0.0,7.943925233644859,93.45794392523365,93.45794392523365,14
RSPO3,121,0,60,120,0,60,60,120,0.0,49.586776859504134,99.17355371900827,99.17355371900827,1
RWDD2B,142,0,6,139,0,6,133,139,0.0,4.225352112676056,97.88732394366197,97.88732394366197,3
S100A10,142,1,139,142,1,138,3,142,0.7042253521126761,97.88732394366197,100.0,100.0,0
SBF2,169,0,59,168,0,59,109,168,0.0,34.9112426035503,99.40828402366864,99.40828402366864,1
SCARB1,156,2,145,154,2,143,9,154,1.282051282051282,92.94871794871796,98.71794871794873,98.71794871794873,2
SEC11C,148,0,1,0,0,1,0,1,0.0,0.6756756756756757,0.0,0.6756756756756757,147
SEC61A2,178,0,28,172,0,28,144,172,0.0,15.730337078651685,96.62921348314607,96.62921348314607,6
SELE,150,0,133,148,0,133,15,148,0.0,88.66666666666667,98.66666666666667,98.66666666666667,2
SETD3,136,0,49,136,0,49,87,136,0.0,36.029411764705884,100.0,100.0,0
SFT2D3,129,0,0,0,0,0,0,0,0.0,0.0,0.0,0.0,129
SH3RF1,161,0,64,161,0,64,97,161,0.0,39.75155279503105,100.0,100.0,0
SHISA4,175,0,0,0,0,0,0,0,0.0,0.0,0.0,0.0,175
SIX2,172,0,148,170,0,148,22,170,0.0,86.04651162790698,98.83720930232558,98.83720930232558,2
SLC22A4,144,0,104,144,0,104,40,144,0.0,72.22222222222221,100.0,100.0,0
SLC26A6,120,0,33,119,0,33,86,119,0.0,27.500000000000004,99.16666666666667,99.16666666666667,1
SLC2A11,137,0,19,134,0,19,115,134,0.0,13.86861313868613,97.8102189781022,97.8102189781022,3
SLC2A6,151,0,26,149,0,26,123,149,0.0,17.218543046357617,98.67549668874173,98.67549668874173,2
SLC46A3,137,0,14,135,0,14,121,135,0.0,10.218978102189782,98.54014598540147,98.54014598540147,2
SMAD3,227,9,219,223,9,210,4,223,3.9647577092511015,96.47577092511013,98.23788546255507,98.23788546255507,4
SMARCAD1,182,0,105,177,0,105,72,177,0.0,57.692307692307686,97.25274725274726,97.25274725274726,5
SMARCB1,209,1,142,203,1,141,61,203,0.4784688995215311,67.94258373205741,97.1291866028708,97.1291866028708,6
SMARCC1,122,1,81,121,1,80,40,121,0.819672131147541,66.39344262295081,99.18032786885246,99.18032786885246,1
SMARCD2,188,0,55,187,0,55,132,187,0.0,29.25531914893617,99.46808510638297,99.46808510638297,1
SMIM13,126,0,1,95,0,1,94,95,0.0,0.7936507936507936,75.39682539682539,75.39682539682539,31
SMUG1,114,0,92,113,0,92,21,113,0.0,80.7017543859649,99.12280701754386,99.12280701754386,1
SNAPC5,143,0,24,136,0,24,112,136,0.0,16.783216783216783,95.1048951048951,95.1048951048951,7
SNX13,131,0,22,129,0,22,107,129,0.0,16.793893129770993,98.47328244274809,98.47328244274809,2
SOCS5,150,0,80,149,0,80,69,149,0.0,53.333333333333336,99.33333333333333,99.33333333333333,1
SOX4,160,2,119,160,2,117,41,160,1.25,74.375,100.0,100.0,0
SPRED3,127,0,37,127,0,37,90,127,0.0,29.133858267716533,100.0,100.0,0
ST3GAL4,156,6,151,153,6,145,2,153,3.8461538461538463,96.7948717948718,98.07692307692307,98.07692307692307,3
STAC3,121,0,74,120,0,74,46,120,0.0,61.15702479338842,99.17355371900827,99.17355371900827,1
STAT5A,171,8,161,168,8,153,7,168,4.678362573099415,94.15204678362574,98.24561403508771,98.24561403508771,3
STK38,140,0,87,139,0,87,52,139,0.0,62.142857142857146,99.28571428571429,99.28571428571429,1
SVIL,154,0,66,150,0,66,84,150,0.0,42.857142857142854,97.40259740259741,97.40259740259741,4
TAOK1,200,0,108,198,0,108,90,198,0.0,54.0,99.0,99.0,2
TBCEL,157,0,154,155,0,154,1,155,0.0,98.08917197452229,98.72611464968153,98.72611464968153,2
THADA,140,0,40,137,0,40,97,137,0.0,28.57142857142857,97.85714285714285,97.85714285714285,3
THBD,143,1,139,142,1,139,3,143,0.6993006993006993,97.2027972027972,99.3006993006993,100.0,0
TIMM9,179,1,46,178,1,46,131,178,0.5586592178770949,25.69832402234637,99.4413407821229,99.4413407821229,1
TLR4,149,4,148,148,4,144,0,148,2.684563758389262,99.32885906040269,99.32885906040269,99.32885906040269,1
TMED10,165,1,67,164,1,66,97,164,0.6060606060606061,40.60606060606061,99.39393939393939,99.39393939393939,1
TMEM115,148,1,2,115,1,2,112,115,0.6756756756756757,1.3513513513513513,77.7027027027027,77.7027027027027,33
TMEM123,126,0,18,123,0,18,105,123,0.0,14.285714285714285,97.61904761904762,97.61904761904762,3
TMEM167B,170,0,3,159,0,3,156,159,0.0,1.7647058823529411,93.52941176470588,93.52941176470588,11
TMEM184C,150,0,1,121,0,1,120,121,0.0,0.6666666666666667,80.66666666666666,80.66666666666666,29
TMEM222,153,0,2,125,0,2,123,125,0.0,1.3071895424836601,81.69934640522875,81.69934640522875,28
TMEM38A,115,0,7,115,0,7,108,115,0.0,6.086956521739131,100.0,100.0,0
TMEM9,177,0,41,175,0,41,134,175,0.0,23.163841807909606,98.87005649717514,98.87005649717514,2
TMUB1,203,0,83,201,0,83,118,201,0.0,40.88669950738916,99.01477832512316,99.01477832512316,2
TNFRSF14,147,0,90,147,0,90,57,147,0.0,61.224489795918366,100.0,100.0,0
TNFRSF1B,178,3,166,175,3,163,9,175,1.6853932584269662,93.25842696629213,98.31460674157303,98.31460674157303,3
TNFSF10,159,3,158,158,3,155,0,158,1.8867924528301887,99.37106918238993,99.37106918238993,99.37106918238993,1
TNS2,144,0,57,142,0,57,85,142,0.0,39.58333333333333,98.61111111111111,98.61111111111111,2
TNXB,123,1,86,122,1,85,36,122,0.8130081300813009,69.91869918699187,99.1869918699187,99.1869918699187,1
TRA2A,144,0,60,142,0,60,82,142,0.0,41.66666666666667,98.61111111111111,98.61111111111111,2
TRAF3IP2,188,0,156,187,0,156,31,187,0.0,82.97872340425532,99.46808510638297,99.46808510638297,1
TRAF6,141,3,133,139,3,130,6,139,2.127659574468085,94.32624113475178,98.58156028368793,98.58156028368793,2
TRAPPC6A,147,1,2,133,1,1,131,133,0.6802721088435374,1.3605442176870748,90.47619047619048,90.47619047619048,14
TRIB1,157,0,130,156,0,130,26,156,0.0,82.80254777070064,99.36305732484077,99.36305732484077,1
TRIM47,159,0,89,158,0,89,69,158,0.0,55.9748427672956,99.37106918238993,99.37106918238993,1
TRIM68,176,0,33,174,0,33,141,174,0.0,18.75,98.86363636363636,98.86363636363636,2
TRIP12,253,1,135,249,1,134,114,249,0.3952569169960474,53.359683794466406,98.41897233201581,98.41897233201581,4
TRPC4AP,201,0,43,200,0,43,157,200,0.0,21.393034825870647,99.50248756218906,99.50248756218906,1
TSFM,143,0,17,143,0,17,126,143,0.0,11.888111888111888,100.0,100.0,0
TSLP,143,1,142,143,1,141,1,143,0.6993006993006993,99.3006993006993,100.0,100.0,0
TTBK2,139,0,83,138,0,83,55,138,0.0,59.71223021582733,99.28057553956835,99.28057553956835,1
TTC32,132,0,4,128,0,4,124,128,0.0,3.0303030303030303,96.96969696969697,96.96969696969697,4
TTLL11,145,0,0,0,0,0,0,0,0.0,0.0,0.0,0.0,145
TYRO3,175,1,126,175,1,125,49,175,0.5714285714285714,72.0,100.0,100.0,0
UBA5,197,1,87,195,1,86,108,195,0.5076142131979695,44.16243654822335,98.98477157360406,98.98477157360406,2
UBE2D1,164,1,107,161,1,106,54,161,0.6097560975609756,65.2439024390244,98.17073170731707,98.17073170731707,3
UGGT1,170,3,57,168,3,54,111,168,1.7647058823529411,33.52941176470588,98.82352941176471,98.82352941176471,2
UHRF1BP1,164,0,4,157,0,4,153,157,0.0,2.4390243902439024,95.73170731707317,95.73170731707317,7
UIMC1,155,1,66,150,1,65,84,150,0.6451612903225806,42.58064516129032,96.7741935483871,96.7741935483871,5
UQCRC1,150,1,53,148,1,53,95,149,0.6666666666666667,35.333333333333336,98.66666666666667,99.33333333333333,1
USP25,132,1,99,130,1,98,31,130,0.7575757575757576,75.0,98.48484848484848,98.48484848484848,2
VAMP8,145,1,84,142,1,84,58,143,0.6896551724137931,57.931034482758626,97.93103448275862,98.62068965517241,2
VPS11,197,0,55,195,0,55,140,195,0.0,27.918781725888326,98.98477157360406,98.98477157360406,2
VPS45,155,0,87,151,0,87,64,151,0.0,56.12903225806451,97.41935483870968,97.41935483870968,4
VWF,121,2,109,119,2,107,10,119,1.6528925619834711,90.08264462809917,98.34710743801654,98.34710743801654,2
WDR47,131,0,7,123,0,7,116,123,0.0,5.343511450381679,93.89312977099237,93.89312977099237,8
XPO7,356,0,102,0,0,102,0,102,0.0,28.651685393258425,0.0,28.651685393258425,254
YES1,155,1,101,154,1,100,53,154,0.6451612903225806,65.16129032258064,99.35483870967742,99.35483870967742,1
YLPM1,395,0,75,386,0,75,311,386,0.0,18.9873417721519,97.72151898734177,97.72151898734177,9
ZDHHC18,135,0,2,107,0,2,105,107,0.0,1.4814814814814816,79.25925925925927,79.25925925925927,28
ZNF22,164,0,14,164,0,14,150,164,0.0,8.536585365853659,100.0,100.0,0
ZNF229,173,0,0,0,0,0,0,0,0.0,0.0,0.0,0.0,173
ZNF235,138,0,0,0,0,0,0,0,0.0,0.0,0.0,0.0,138
ZNF281,247,0,108,0,0,108,0,108,0.0,43.7246963562753,0.0,43.7246963562753,139
ZNF296,130,0,7,124,0,7,117,124,0.0,5.384615384615385,95.38461538461539,95.38461538461539,6
ZNF324B,129,0,2,124,0,2,122,124,0.0,1.550387596899225,96.12403100775194,96.12403100775194,5
ZNF581,113,0,7,111,0,7,104,111,0.0,6.1946902654867255,98.23008849557522,98.23008849557522,2
ZNF764,201,0,35,199,0,35,164,199,0.0,17.412935323383085,99.00497512437812,99.00497512437812,2
ZNF774,164,0,13,131,0,13,118,131,0.0,7.926829268292683,79.8780487804878,79.8780487804878,33
ZNF785,157,0,9,154,0,9,145,154,0.0,5.7324840764331215,98.08917197452229,98.08917197452229,3
ZNF827,204,0,15,198,0,15,183,198,0.0,7.352941176470589,97.05882352941177,97.05882352941177,6
ZNRF1,129,0,29,127,0,29,98,127,0.0,22.48062015503876,98.44961240310077,98.44961240310077,2
ZSCAN29,131,0,1,128,0,1,127,128,0.0,0.7633587786259541,97.70992366412213,97.70992366412213,3
ZSWIM3,253,0,1,0,0,1,0,1,0.0,0.3952569169960474,0.0,0.3952569169960474,252
