source,target,stmt_type,english_stmt,belief,evidence_count,logfoldchange,pval,stmt_hash,source_counts
PVT1,FN1,IncreaseAmount,,0.6163664161553967,1,-0.47435996,0.00011333385192,-14904944620156864,{'medscan': 1}
PVT1,SERPINE1,IncreaseAmount,,0.6163664161553967,1,-0.35493845,7.112233536471432e-06,-27743026249076673,{'medscan': 1}
CSDE1,RAC1,IncreaseAmount,,0.5256427349609928,4,0.16537592,0.0294468495371188,-25645615493938504,{'reach': 4}
CSDE1,RAC1,DecreaseAmount,,0.47385749870081684,1,0.16537592,0.0294468495371188,-34341976664041002,{'reach': 1}
CSDE1,PTPN2,IncreaseAmount,,0.47153156304100474,2,-0.73822683,0.0478227782520427,-27740027292662210,{'reach': 2}
CSDE1,FN1,IncreaseAmount,,0.48445268803510766,1,-0.27422726,0.025162343036664,-18997085929488529,{'reach': 1}
CSDE1,PABPC1,DecreaseAmount,,0.47385749870081684,1,-0.32858723,6.755759077935938e-06,-11811464155929539,{'reach': 1}
PROX1,BAX,IncreaseAmount,,0.48445268803510766,1,0.15473251,0.0435136451155725,-15480010138667371,{'reach': 1}
PROX1,ANXA1,DecreaseAmount,,0.5034580088219961,4,-0.08652544,0.0496111221938101,19694836830544358,{'reach': 4}
PROX1,VIM,DecreaseAmount,,0.47385749870081684,1,-0.049339272,0.0467411591949621,-4143294349061533,{'reach': 1}
PROX1,VIM,IncreaseAmount,,0.48445268803510766,1,-0.049339272,0.0467411591949621,3959476463739558,{'reach': 1}
GTF3A,ANP32A,DecreaseAmount,,0.6301266297471854,1,0.38180038,0.0171418351315564,-10410448585491659,{'pc': 1}
GTF3A,PTMA,DecreaseAmount,,0.6301266297471854,1,0.09839852,0.0368924168442203,-7545618500777385,{'pc': 1}
GTF3A,MGLL,DecreaseAmount,,0.6301266297471854,1,-0.35006994,0.0418226534186809,-20986808558059995,{'pc': 1}
GTF3A,PPP1CA,DecreaseAmount,,0.6301266297471854,1,-0.321554,0.0253984248018205,-10881776416768266,{'pc': 1}
GTF3A,RRAS,DecreaseAmount,,0.6301266297471854,1,-0.26408368,0.0142071010922093,-35925540203993842,{'pc': 1}
GTF3A,MGAT4B,DecreaseAmount,,0.6301266297471854,1,-0.6079954,0.0128373521988502,6440689149294372,{'pc': 1}
GTF3A,USP48,DecreaseAmount,,0.6301266297471854,1,-0.4849001,0.0041689339895972,-26384250980585738,{'pc': 1}
GTF3A,IGFBP7,DecreaseAmount,,0.6301266297471854,1,-0.26380828,0.0027979962465261,-34093325353799658,{'pc': 1}
SMAD3,TXNDC12,DecreaseAmount,,0.6301266297471854,1,0.40882954,0.0053312003876884,-23593633653514190,{'pc': 1}
SMAD3,VIM,DecreaseAmount,,0.6214439452818142,1,0.05458241,0.0148957174021581,31386878527394632,{'medscan': 1}
SMAD3,VIM,DecreaseAmount,,0.47385749870081684,1,0.05458241,0.0148957174021581,-26467108137241833,{'reach': 1}
SMAD3,VIM,IncreaseAmount,,0.47153156304100474,2,0.05458241,0.0148957174021581,-2929776564166969,{'reach': 2}
SMAD3,VIM,IncreaseAmount,,0.4922809406747177,5,0.05458241,0.0148957174021581,18865310537312744,{'reach': 5}
SMAD3,SPOP,DecreaseAmount,,0.4684848027297138,2,0.30405352,0.0191538988875915,-27593494774639898,{'reach': 2}
SMAD3,CCBE1,DecreaseAmount,,0.47385749870081684,1,0.29945764,0.02321733521116,-13240481048302550,{'reach': 1}
SMAD3,YBX3,DecreaseAmount,,0.6301266297471854,1,0.10578515,0.0264129588337443,7027411728318061,{'pc': 1}
SMAD3,ARHGAP24,DecreaseAmount,,0.6301266297471854,1,0.34235963,0.0393093146566005,-31161213633328638,{'pc': 1}
SMAD3,BHLHE40,IncreaseAmount,,0.504176544902569,5,0.2907017,0.0420383021477113,-11405794411049058,{'reach': 5}
SMAD3,CEBPB,DecreaseAmount,,0.48507422499106756,2,0.26393557,0.04656566464925,-34963019418794767,{'reach': 2}
SMAD3,CEBPB,IncreaseAmount,,0.47153156304100474,2,0.26393557,0.04656566464925,9414179396216954,{'reach': 2}
SMAD3,CEBPB,DecreaseAmount,,0.47385749870081684,1,0.26393557,0.04656566464925,-16728238475895885,{'reach': 1}
SMAD3,IGFBP7,IncreaseAmount,,0.48445268803510766,1,-0.12610146,0.0300643218747942,-8629782413291972,{'reach': 1}
SMAD3,TOP1,DecreaseAmount,,0.6301266297471854,1,-0.2219405,0.0107313815371814,-25878208696669187,{'pc': 1}
KDELR2,HSPA5,DecreaseAmount,,0.47385749870081684,1,0.5912163,1.301346017904122e-07,-10890407239840984,{'reach': 1}
ECM1,LDHA,IncreaseAmount,,0.48445268803510766,1,0.25323635,0.038852390521236,11684187534901940,{'reach': 1}
ECM1,LDHA,IncreaseAmount,,0.5256427349609928,3,0.25323635,0.038852390521236,-5761940435511363,{'reach': 3}
PDLIM7,MCL1,IncreaseAmount,,0.48445268803510766,1,-0.38493767,0.0060490476317499,6569983773772925,{'reach': 1}
HMGCR,HMGCS1,IncreaseAmount,,0.48445268803510766,1,0.66296214,7.465997844670216e-06,24769997889226555,{'reach': 1}
HMGCR,MSMO1,IncreaseAmount,,0.6334235975852459,1,0.4075542,0.0024136291409981,3253992372855142,{'pc': 1}
HMGCR,NFKBIA,DecreaseAmount,,0.47295497084028115,1,0.74922,0.023206519171612,-7701902164582690,{'bel_lc': 1}
HMGCR,ICAM1,IncreaseAmount,,0.47153156304100474,2,0.6139029,0.0479523253546477,-18340734095979359,{'reach': 2}
ROCK2,CALM1,IncreaseAmount,,0.48445268803510766,1,-0.12679894,0.0323181950718525,14245231010718978,{'reach': 1}
GNAS,NFE2L2,IncreaseAmount,,0.47153156304100474,2,-0.3866449,0.0375699755891538,-27498613010681589,{'reach': 2}
GNAS,NFE2L2,DecreaseAmount,,0.47385749870081684,1,-0.3866449,0.0375699755891538,-17629986452188566,{'reach': 1}
PVR,BAX,IncreaseAmount,,0.48445268803510766,1,-0.26055107,0.0366557490210267,-27554755473267240,{'reach': 1}
PVR,LAMP1,IncreaseAmount,,0.45837692893082216,1,-0.7209777,1.8928703474290473e-05,34121878459144533,{'sparser': 1}
TRAF3IP2,LAMP1,IncreaseAmount,,0.48445268803510766,1,0.25193897,0.0147443029650701,-15470166104907531,{'reach': 1}
OMA1,CYCS,IncreaseAmount,,0.5256427349609928,4,0.34774268,0.0113870133673438,2274215660831299,{'reach': 4}
MALAT1,RHOA,IncreaseAmount,,0.48445268803510766,1,-0.24668206,0.0392991691442529,34635309998464654,{'reach': 1}
MALAT1,RHOA,DecreaseAmount,,0.5034580088219961,4,-0.24668206,0.0392991691442529,-16340000129504511,{'reach': 4}
MALAT1,HIF1A,IncreaseAmount,,0.48445268803510766,1,-0.40985954,0.0061920520952712,26011895192769312,{'reach': 1}
MALAT1,HIF1A,DecreaseAmount,,0.4684848027297138,2,-0.40985954,0.0061920520952712,5254825076428482,{'reach': 2}
MALAT1,HIF1A,IncreaseAmount,,0.504176544902569,4,-0.40985954,0.0061920520952712,26562130195832504,{'reach': 4}
MALAT1,EEF2,IncreaseAmount,,0.47153156304100474,2,-0.21925202,0.000855519533364,-1500483024858509,{'reach': 2}
TSLP,TIMP1,DecreaseAmount,,0.4684848027297138,2,-0.3117764,0.004187532041935,23030392677893135,{'reach': 2}
ARNT,PKN1,DecreaseAmount,,0.6301266297471854,1,0.52537405,0.0038530252802185,-2219487261041040,{'pc': 1}
ARNT,CCN1,DecreaseAmount,,0.47385749870081684,1,0.35846192,0.0057811704470708,-30382324736278994,{'reach': 1}
ARNT,PKM,IncreaseAmount,,0.6338440180056664,2,0.19717833,0.0137899912667776,16258579789913458,{'pc': 2}
ARNT,MTUS1,DecreaseAmount,,0.6301266297471854,1,0.33070013,0.0157162961038467,-18011662726356204,{'pc': 1}
ARNT,ANKRD17,DecreaseAmount,,0.6301266297471854,1,0.44186068,0.0373491491183218,-31505111458027294,{'pc': 1}
ARNT,S100A10,IncreaseAmount,,0.45837692893082216,1,0.11214635,0.0427189785268367,-34748730322252659,{'sparser': 1}
ARNT,PHF20,DecreaseAmount,,0.6301266297471854,1,-0.4220865,0.0466969317783264,-10654822354471792,{'pc': 1}
ARNT,GYG1,DecreaseAmount,,0.6301266297471854,1,-0.7638555,0.0417098429050816,-18934025393091484,{'pc': 1}
ARNT,REEP3,DecreaseAmount,,0.6301266297471854,1,-0.3673012,0.0388924240662249,-33144335391762567,{'pc': 1}
ARNT,UBR5,DecreaseAmount,,0.6309317981560123,2,-0.5193399,0.036927946266608,-15987758974279816,{'pc': 2}
ARNT,NAMPT,IncreaseAmount,,0.48445268803510766,1,-0.358184,0.0328819425490891,2490731961359233,{'reach': 1}
ARNT,TUG1,DecreaseAmount,,0.6301266297471854,1,-0.67258435,0.0279895497440488,-33430608273218011,{'pc': 1}
ARNT,AFF4,DecreaseAmount,,0.6301266297471854,1,-0.5896526,0.0277054098668038,-8045727762933422,{'pc': 1}
ARNT,CTNNB1,DecreaseAmount,,0.47385749870081684,1,-0.51026624,0.022794949285494,-15218465819133270,{'reach': 1}
KDM6B,NOTCH1,DecreaseAmount,,0.4684848027297138,2,-1.1600019,0.0455279917233684,-9045430558751660,{'reach': 2}
KDM6B,NOTCH1,IncreaseAmount,,0.4922809406747177,7,-1.1600019,0.0455279917233684,10001114788556626,{'reach': 7}
KDM6B,ZEB1,IncreaseAmount,,0.5028536023408147,3,-0.4532662,0.0090073483394078,-5627371113332543,{'reach': 3}
CX3CL1,BAX,IncreaseAmount,,0.47153156304100474,2,-0.2692872,0.0304542292128022,19629549010048744,{'reach': 2}
PLXNB1,SQSTM1,IncreaseAmount,,0.48445268803510766,1,-0.31343994,0.0339696389795323,-31544740339990926,{'reach': 1}
PLXNB1,VIM,DecreaseAmount,,0.47385749870081684,1,-0.069151506,0.0170884337179774,24146073054936447,{'reach': 1}
PA2G4,SERPINE1,IncreaseAmount,,0.48445268803510766,1,0.20755504,0.0296735299497222,-18226103511728402,{'reach': 1}
TRIP12,VIM,DecreaseAmount,,0.47385749870081684,1,-0.11328,0.0030261697500522,-13395102050641717,{'reach': 1}
CDKN2B,CCNB1,DecreaseAmount,,0.47385749870081684,1,0.9695503,0.0340396220833305,-13583498615816277,{'reach': 1}
CDKN2B,MKI67,IncreaseAmount,,0.48445268803510766,1,1.1266316,0.0452689960890133,19315810617912966,{'reach': 1}
CDKN2B,PRKCSH,IncreaseAmount,,0.48445268803510766,1,-0.37827718,0.0440593100744162,-23868205149793941,{'reach': 1}
CDKN2B,CDK4,DecreaseAmount,,0.5034580088219961,4,-0.43708497,0.0328474570943157,537637528066148,{'reach': 4}
CTNND1,APP,DecreaseAmount,,0.6329669864572899,2,0.14261414,0.0473960186021968,23852295667572578,{'medscan': 2}
EGR1,RHOA,IncreaseAmount,,0.47153156304100474,2,0.1582486,0.0170681821417484,-23876122254598872,{'reach': 2}
EGR1,RHOA,DecreaseAmount,,0.6030266315805022,3,0.1582486,0.0170681821417484,-23825595891369171,"{'reach': 2, 'pc': 1}"
EGR1,JUN,DecreaseAmount,,0.47385749870081684,1,0.35771897,0.0178112588216214,7299635261106239,{'reach': 1}
EGR1,JUN,IncreaseAmount,,0.47153156304100474,2,0.35771897,0.0178112588216214,-32403742449159641,{'reach': 2}
EGR1,ATP2B4,IncreaseAmount,,0.48445268803510766,1,0.533723,0.0223068929047652,-25781023198821367,{'reach': 1}
EGR1,ATP2B4,IncreaseAmount,,0.5256427349609928,3,0.533723,0.0223068929047652,-16705667599610725,{'reach': 3}
EGR1,UBTF,DecreaseAmount,,0.6309317981560123,2,0.4953649,0.0334421240483134,22688761736555029,{'pc': 2}
EGR1,DDX5,DecreaseAmount,,0.6301266297471854,1,0.15179919,0.0478343929268305,-16235615627826250,{'pc': 1}
EGR1,ID1,IncreaseAmount,,0.48445268803510766,1,-0.43312305,0.0470710790804438,14920212146604487,{'reach': 1}
EGR1,ID1,IncreaseAmount,,0.6488682676978899,3,-0.43312305,0.0470710790804438,-15031122526269532,"{'medscan': 2, 'reach': 1}"
EGR1,ATG12,DecreaseAmount,,0.6309317981560123,2,-0.40771136,0.041334431789558,-32817936849403269,{'pc': 2}
EGR1,AKAP12,DecreaseAmount,,0.6301266297471854,1,-0.51716936,0.0401641457636242,-18544714522422246,{'pc': 1}
EGR1,SLC25A23,DecreaseAmount,,0.6301266297471854,1,-0.61746466,0.0365686376788917,7883798997747934,{'pc': 1}
EGR1,ADAM17,IncreaseAmount,,0.47153156304100474,2,-0.7531247,0.0245179669818565,-9915147097939612,{'reach': 2}
EGR1,TGFB1I1,DecreaseAmount,,0.6301266297471854,1,-0.38498792,0.0177341574634939,30362907800232587,{'pc': 1}
EGR1,DYNC1LI1,DecreaseAmount,,0.6301266297471854,1,-0.5099114,0.0143924298896746,-35484924693882382,{'pc': 1}
RAB1A,VIM,IncreaseAmount,,0.47153156304100474,2,0.05449917,0.027319367628603,22233165057850554,{'reach': 2}
RAB1A,VIM,DecreaseAmount,,0.4684848027297138,2,0.05449917,0.027319367628603,1827461517612562,{'reach': 2}
TLR4,CDKN1A,IncreaseAmount,,0.47153156304100474,2,0.37287983,0.0181808485615789,-1746057251675886,{'reach': 2}
TLR4,FBXW7,IncreaseAmount,,0.6163664161553967,1,0.51190275,0.0384441653111862,-4922156377279987,{'medscan': 1}
TLR4,FN1,IncreaseAmount,,0.6781565396085674,5,0.24844936,0.0433439433849183,-2297015151360552,"{'medscan': 1, 'reach': 4}"
TLR4,NR2F6,DecreaseAmount,,0.47385749870081684,1,-0.6609215,0.0158753967379767,3520066293160433,{'reach': 1}
TLR4,NPM1,DecreaseAmount,,0.47385749870081684,1,-0.16799277,0.0102996258126054,3680069425241675,{'reach': 1}
TLR4,NPM1,IncreaseAmount,,0.48445268803510766,1,-0.16799277,0.0102996258126054,-28770395596370319,{'reach': 1}
ACTG1,ACTB,DecreaseAmount,,0.47385749870081684,1,0.2200847,5.94083934078941e-07,29423949278580581,{'reach': 1}
ACTG1,WASF2,DecreaseAmount,,0.47385749870081684,1,-0.3950445,0.0281773232110623,28692019171458119,{'reach': 1}
NOS3,APPL1,IncreaseAmount,,0.48445268803510766,1,0.3595708,0.0298519262401432,30582329458778695,{'reach': 1}
NOS3,TIMP1,IncreaseAmount,,0.47153156304100474,2,0.18822925,0.0381162635358444,30194270328698568,{'reach': 2}
NOS3,EDN1,DecreaseAmount,,0.47385749870081684,1,-0.59793997,0.043104663743886,24522784528268649,{'reach': 1}
NOS3,EDN1,DecreaseAmount,,0.5129116289874748,6,-0.59793997,0.043104663743886,-15859339378973385,{'reach': 6}
NOS3,EDN1,IncreaseAmount,,0.48445268803510766,1,-0.59793997,0.043104663743886,26344568705205925,{'reach': 1}
NOS3,EDN1,IncreaseAmount,,0.6860801552104046,6,-0.59793997,0.043104663743886,-27044736283237351,"{'medscan': 1, 'reach': 5}"
NOS3,TGM2,IncreaseAmount,,0.48445268803510766,1,-0.117787674,0.02468464563638,-18761655766472175,{'reach': 1}
NOS3,THBS1,DecreaseAmount,,0.48507422499106756,3,-0.5674321,0.0246808960883851,-28573645615224157,{'reach': 3}
BMPER,PCNA,DecreaseAmount,,0.47385749870081684,1,0.7443756,0.0114885660323374,22387767882152609,{'reach': 1}
SETD3,HNRNPK,IncreaseAmount,,0.48445268803510766,1,-0.19200735,0.0354140808909157,-28627410697127071,{'reach': 1}
UQCRC1,BAX,DecreaseAmount,,0.47385749870081684,1,-0.24197441,0.0140468285618537,-14356749974244660,{'reach': 1}
EZR,CTTN,IncreaseAmount,,0.48445268803510766,1,0.34638286,0.0410429742727176,5965950890350913,{'reach': 1}
EZR,CTNNB1,DecreaseAmount,,0.4684848027297138,2,-0.5684989,0.0090742043400677,24253946997784097,{'reach': 2}
TNXB,BAX,DecreaseAmount,,0.4684848027297138,2,-0.19466251,0.0074598479306732,-7569820576651060,{'reach': 2}
P2RX7,HSPB1,DecreaseAmount,,0.4684848027297138,2,0.19288,0.0060445664159603,14719523023956989,{'reach': 2}
P2RX7,CD81,DecreaseAmount,,0.47385749870081684,1,0.16083325,0.0363240087378307,-26928663344724690,{'reach': 1}
P2RX7,SREBF1,IncreaseAmount,,0.48445268803510766,1,-0.9253162,0.0330283852826399,21147365080828109,{'reach': 1}
P2RX7,HMGB1,IncreaseAmount,,0.4861942171195036,11,-0.16195768,0.0216793993072927,18959173044807745,{'reach': 11}
P2RX7,HMGB1,DecreaseAmount,,0.4684848027297138,2,-0.16195768,0.0216793993072927,-853361599258250,{'reach': 2}
P2RX7,CAV1,IncreaseAmount,,0.47153156304100474,2,-0.21291047,0.0114268755674315,23170988563914918,{'reach': 2}
ITGB4,PTK2,IncreaseAmount,,0.47153156304100474,2,-0.30914155,0.0318194897554889,-21250782093798363,{'reach': 2}
DNMT3A,CDKN1A,IncreaseAmount,,0.48445268803510766,1,0.3059091,0.0168115697713021,-12562511934079218,{'reach': 1}
DNMT3A,CDKN1A,DecreaseAmount,,0.6210338561161125,6,0.3059091,0.0168115697713021,-19453339977762572,"{'reach': 1, 'pc': 5}"
IQGAP1,CCND1,IncreaseAmount,,0.6288425533311273,2,-0.31111857,0.0177701784671469,4719853509739588,"{'reach': 1, 'medscan': 1}"
ABHD17C,SLC16A1,IncreaseAmount,,0.47153156304100474,2,0.6326588,0.0041793014182246,-756115539646287,{'reach': 2}
PLPP3,CTNNB1,DecreaseAmount,,0.47385749870081684,1,0.39352438,0.0382439780394716,1658331369909375,{'reach': 1}
PLPP3,CTNNB1,IncreaseAmount,,0.6488682676978899,4,0.39352438,0.0382439780394716,-15016756582026315,"{'medscan': 2, 'reach': 2}"
RGS12,TEAD1,DecreaseAmount,,0.47385749870081684,1,-0.7452888,0.0375212416859513,5071393680866455,{'reach': 1}
RGS12,VIM,DecreaseAmount,,0.47385749870081684,1,-0.082251325,0.0066951517654336,-9373438245516188,{'reach': 1}
POLG,SSBP1,IncreaseAmount,,0.47153156304100474,2,-0.4563767,0.0017219392087685,25947906190107600,{'reach': 2}
TNFRSF1B,UCP2,IncreaseAmount,,0.48445268803510766,1,0.7498844,0.0290332502821356,22864312291652033,{'reach': 1}
TNFRSF1B,CYCS,IncreaseAmount,,0.48445268803510766,1,-0.32945305,0.0291454783604059,8286299091505060,{'reach': 1}
TNFRSF1B,TXN,DecreaseAmount,,0.4684848027297138,2,-0.25143313,0.0154426396417367,23075368731589943,{'reach': 2}
SOX4,HES1,IncreaseAmount,,0.47153156304100474,1,-0.8383733,0.0416745790339739,-19528034907447060,{'reach': 1}
SOX4,HES1,IncreaseAmount,,0.48445268803510766,1,-0.8383733,0.0416745790339739,-19379453247926281,{'reach': 1}
SOX4,ABCF1,IncreaseAmount,,0.47153156304100474,2,-0.41421422,0.0407074967441284,-28560915461068661,{'reach': 2}
SOX4,GPX4,DecreaseAmount,,0.47385749870081684,1,-0.18624957,0.0310185923077457,7708101102639059,{'reach': 1}
MYEOV,CCND1,IncreaseAmount,,0.6442060509411052,3,0.47592026,0.0001143785326805,-34314692960528401,"{'medscan': 1, 'reach': 2}"
PHF19,HIF1A,IncreaseAmount,,0.48445268803510766,1,-0.34906313,0.0260208008835908,16847555560472222,{'reach': 1}
CDH13,AKT3,DecreaseAmount,,0.4684848027297138,2,-0.7100102,0.0157479219327631,24512735239927116,{'reach': 2}
NUB1,SQSTM1,IncreaseAmount,,0.48445268803510766,1,0.248485,0.0419582276178995,19089823520630543,{'reach': 1}
NUB1,NEDD8,IncreaseAmount,,0.6442060509411052,3,-0.17037643,0.0413665438924531,-183608627291165,"{'reach': 2, 'medscan': 1}"
NUB1,NEDD8,DecreaseAmount,,0.48507422499106756,3,-0.17037643,0.0413665438924531,16360746699936027,{'reach': 3}
NUB1,NEDD8,DecreaseAmount,,0.7342546446903203,8,-0.17037643,0.0413665438924531,-28648673727416968,"{'medscan': 3, 'reach': 5}"
HIF1A,NCOA3,DecreaseAmount,,0.6324007949925685,1,0.6560204,0.0004262256096631,3321576329283230,{'medscan': 1}
HIF1A,DICER1,DecreaseAmount,,0.47385749870081684,1,0.67676073,0.0034062926173334,-25829712495700911,{'reach': 1}
HIF1A,DICER1,IncreaseAmount,,0.48445268803510766,1,0.67676073,0.0034062926173334,-33696777779212899,{'reach': 1}
HIF1A,ITGA2,IncreaseAmount,,0.48445268803510766,1,0.35955805,0.0340027338719182,-15027710348848414,{'reach': 1}
HIF1A,RER1,IncreaseAmount,,0.48445268803510766,1,0.32888117,0.0398658004903113,7388722994333842,{'reach': 1}
HIF1A,NR3C1,DecreaseAmount,,0.47385749870081684,1,0.5873461,0.048553108247627,-26374915009177038,{'reach': 1}
HIF1A,NR3C1,IncreaseAmount,,0.5028536023408147,3,0.5873461,0.048553108247627,-22518620940625963,{'reach': 3}
HIF1A,HUWE1,IncreaseAmount,,0.6163664161553967,1,0.33722338,0.0499821171794213,20792355563157933,{'medscan': 1}
HIF1A,APEX1,IncreaseAmount,,0.48445268803510766,1,-0.33627504,0.0439593176840549,-13267977034806639,{'reach': 1}
HIF1A,APEX1,DecreaseAmount,,0.673461091974326,2,-0.33627504,0.0439593176840549,-26486807970580642,"{'medscan': 1, 'trrust': 1}"
HIF1A,ATG12,DecreaseAmount,,0.47385749870081684,1,-0.51674914,0.0409066208640222,7250029792346884,{'reach': 1}
HIF1A,LDHB,IncreaseAmount,,0.48445268803510766,1,-0.16105886,0.0248400493980227,18084373094281947,{'reach': 1}
HIF1A,LDHB,DecreaseAmount,,0.6044755234592698,3,-0.16105886,0.0248400493980227,-4358618237850864,"{'reach': 2, 'medscan': 1}"
HIF1A,EPAS1,DecreaseAmount,,0.47385749870081684,1,-0.51184994,0.0209171606115409,-22706085388559339,{'reach': 1}
HIF1A,EPAS1,IncreaseAmount,,0.6875954136240492,6,-0.51184994,0.0209171606115409,11977718494373541,"{'reach': 5, 'medscan': 1}"
HIF1A,EPAS1,DecreaseAmount,,0.7176217560228132,20,-0.51184994,0.0209171606115409,3262851778308851,"{'medscan': 6, 'reach': 14}"
HIF1A,PRDX2,IncreaseAmount,,0.48445268803510766,1,-0.3174951,0.0117748511629572,-22539470969276866,{'reach': 1}
HIF1A,COX8A,DecreaseAmount,,0.47385749870081684,1,-0.21608785,0.004657550080023,-15442722068807408,{'reach': 1}
GLI2,YY1,DecreaseAmount,,0.47385749870081684,1,-0.3116018,0.0437480970967306,-21717228195602143,{'reach': 1}
EVL,CFL1,IncreaseAmount,,0.48445268803510766,1,0.15382816,0.0066347264210461,15143160303952127,{'reach': 1}
ZNF281,TP53,DecreaseAmount,,0.47385749870081684,1,0.56425494,0.0264357548040988,7342695696449431,{'reach': 1}
EHMT2,CCND1,IncreaseAmount,,0.6163664161553967,1,-0.25071907,0.0043575434779654,1385538546782703,{'medscan': 1}
DHODH,CDKN1A,IncreaseAmount,,0.48445268803510766,1,0.26385847,0.0477798420158112,-13475688260971704,{'reach': 1}
TRAF6,CCN2,IncreaseAmount,,0.47153156304100474,2,0.5287909,0.0006783142011848,24637392208724723,{'reach': 2}
TRAF6,HIF1A,IncreaseAmount,,0.7464860804805521,13,0.40533268,0.003631975299527,-141822653278160,"{'reach': 9, 'medscan': 4}"
TRAF6,SQSTM1,IncreaseAmount,,0.48445268803510766,1,-0.2870793,0.0471567729757284,1632652404727434,{'reach': 1}
TRAF6,MYC,IncreaseAmount,,0.5256427349609928,4,-0.42089328,0.0438001448855314,-13736336133713777,{'reach': 4}
NFKB2,CTNNB1,IncreaseAmount,,0.48445268803510766,1,0.29797214,0.0227194669202476,-23799057591147394,{'reach': 1}
NFKB2,CD99,DecreaseAmount,,0.6324007949925685,1,-0.11854488,0.0016388613553889,-12999560624339965,{'medscan': 1}
RBFOX2,PTEN,IncreaseAmount,,0.47153156304100474,2,-0.5598252,0.0382648088290242,-30583059253335879,{'reach': 2}
RBFOX2,PTEN,IncreaseAmount,,0.5256427349609928,2,-0.5598252,0.0382648088290242,27394958898578933,{'reach': 2}
RBFOX2,PRPF6,DecreaseAmount,,0.47385749870081684,1,-0.4597227,0.0083578094361105,-5504344806336417,{'reach': 1}
UBA5,UFM1,DecreaseAmount,,0.4684848027297138,2,0.33813715,0.0437485720958278,3016119092865152,{'reach': 2}
IGFBP2,STAT3,IncreaseAmount,,0.5256427349609928,4,-0.57174045,0.0344555474446345,-17266516382856786,{'reach': 4}
REPIN1,CLEC14A,DecreaseAmount,,0.6301266297471854,1,0.2927857,0.0347173231770352,16946644848103846,{'pc': 1}
REPIN1,RNF216,DecreaseAmount,,0.6301266297471854,1,0.47380176,0.0347770677517664,-2448949271225885,{'pc': 1}
REPIN1,PLAAT3,DecreaseAmount,,0.6301266297471854,1,0.2958915,0.037793348622002,7542101164671700,{'pc': 1}
REPIN1,RAB5B,DecreaseAmount,,0.6301266297471854,1,0.40847537,0.0397674514632104,14139003348706148,{'pc': 1}
REPIN1,DUSP1,DecreaseAmount,,0.6301266297471854,1,-0.56085104,0.0478236510474421,3918397669123861,{'pc': 1}
REPIN1,CALM3,DecreaseAmount,,0.6309317981560123,2,-0.22371696,0.0428243380850227,8248369778352768,{'pc': 2}
REPIN1,RABAC1,DecreaseAmount,,0.6301266297471854,1,-0.14038385,0.0384902499153413,-626641117889922,{'pc': 1}
REPIN1,MEF2C,DecreaseAmount,,0.6301266297471854,1,-0.717929,0.0350557434524507,4596238676734086,{'pc': 1}
REPIN1,NOVA1,DecreaseAmount,,0.6301266297471854,1,-0.40611282,0.0210704380210996,18354420019231280,{'pc': 1}
REPIN1,POLR3GL,DecreaseAmount,,0.6301266297471854,1,-0.43364325,0.0099331183864892,-24452726003864308,{'pc': 1}
DKK1,CDKN1A,DecreaseAmount,,0.4684848027297138,2,0.29268342,0.0174239018375208,1742768052849246,{'reach': 2}
DKK1,CDKN1A,IncreaseAmount,,0.4848522412157821,9,0.29268342,0.0174239018375208,22401491583900213,{'reach': 9}
DKK1,CDKN1A,DecreaseAmount,,0.5100675941677202,3,0.29268342,0.0174239018375208,-6832598890024591,{'reach': 3}
DKK1,THBS1,IncreaseAmount,,0.48445268803510766,1,0.41602436,0.0421731683979122,-22278481293741856,{'reach': 1}
DKK1,HDGF,DecreaseAmount,,0.6324007949925685,1,-0.6122979,0.0012924014622371,14851653649017814,{'medscan': 1}
DKK1,HDGF,IncreaseAmount,,0.6163664161553967,1,-0.6122979,0.0012924014622371,-34473090626220965,{'medscan': 1}
FYN,TGM2,IncreaseAmount,,0.48445268803510766,1,0.14053017,0.0224229452219996,30392140847245608,{'reach': 1}
FYN,MAPRE1,DecreaseAmount,,0.47385749870081684,1,0.3509116,0.0231804814237057,2493841879195887,{'reach': 1}
RAB13,STAT3,DecreaseAmount,,0.47385749870081684,1,-0.5376513,0.0381684960990284,-32941296160540799,{'reach': 1}
PAK2,CDKN1A,IncreaseAmount,,0.48445268803510766,1,-0.3357858,0.0292337219481795,-10569431696735044,{'reach': 1}
PAK2,CDKN1A,DecreaseAmount,,0.47385749870081684,1,-0.3357858,0.0292337219481795,-12044477663682804,{'reach': 1}
ST3GAL4,EDN1,IncreaseAmount,,0.5028536023408147,3,-0.57079846,0.0382931753946243,-12026400418937335,{'reach': 3}
ST3GAL4,NFE2L1,DecreaseAmount,,0.4684848027297138,2,-0.50311095,0.0318641015979841,35167835581496144,{'reach': 2}
ST3GAL4,IDE,DecreaseAmount,,0.48507422499106756,3,-1.0597451,0.0229490757929259,25348436861767197,{'reach': 3}
ST3GAL4,IDE,IncreaseAmount,,0.5256427349609928,4,-1.0597451,0.0229490757929259,-19293878263450409,{'reach': 4}
ST3GAL4,NFE2L2,DecreaseAmount,,0.5038428075375017,13,-0.49923256,0.0193674619647371,-23016996973625828,{'reach': 13}
ST3GAL4,NFE2L2,IncreaseAmount,,0.5082487016496805,10,-0.49923256,0.0193674619647371,-10167234890942296,"{'reach': 9, 'sparser': 1}"
ST3GAL4,DNMT1,IncreaseAmount,,0.48445268803510766,1,-0.8127267,0.0085584878075992,-4739708995509859,{'reach': 1}
ST3GAL4,DNMT1,DecreaseAmount,,0.47385749870081684,1,-0.8127267,0.0085584878075992,29701622072617609,{'reach': 1}
ST3GAL4,CCN2,IncreaseAmount,,0.504176544902569,5,-0.48566395,0.0054542727725477,16038059521495517,{'reach': 5}
ST3GAL4,CCN2,DecreaseAmount,,0.4684848027297138,2,-0.48566395,0.0054542727725477,12455241595535107,{'reach': 2}
NOTCH4,INTS3,IncreaseAmount,,0.48445268803510766,1,0.95678365,0.010065886030035,-17508056236803077,{'reach': 1}
NCOA5,SLC7A11,DecreaseAmount,,0.47385749870081684,1,-0.58039784,0.0060326068015123,-34299780271045129,{'reach': 1}
GSS,NR3C1,DecreaseAmount,,0.47385749870081684,1,-1.0646657,0.042761912467573,18380713018553588,{'reach': 1}
GSS,NR3C1,IncreaseAmount,,0.47153156304100474,2,-1.0646657,0.042761912467573,-26940095325633421,{'reach': 2}
HYCC1,OXCT1,IncreaseAmount,,0.48445268803510766,1,0.88692814,0.0054035294957753,30236305273778550,{'reach': 1}
HYCC1,OXCT1,DecreaseAmount,,0.47385749870081684,1,0.88692814,0.0054035294957753,14671345087839821,{'reach': 1}
HYCC1,PTMA,DecreaseAmount,,0.47385749870081684,1,0.11316489,0.0175220807012301,29245670100206109,{'reach': 1}
HYCC1,CD55,IncreaseAmount,,0.48445268803510766,1,0.23686135,0.0269838510665525,27735997194554249,{'reach': 1}
HYCC1,BAX,DecreaseAmount,,0.47385749870081684,1,0.22034806,0.0277168864523068,-7411478792194864,{'reach': 1}
HYCC1,BAX,IncreaseAmount,,0.47153156304100474,2,0.22034806,0.0277168864523068,-18829464475391081,{'reach': 2}
HYCC1,FOXA1,IncreaseAmount,,0.48445268803510766,1,0.84934944,0.0360792361134308,-10744514255271836,{'reach': 1}
HYCC1,PAFAH1B1,DecreaseAmount,,0.47385749870081684,1,0.4008237,0.0361199123348932,23538177961957742,{'reach': 1}
HYCC1,PBX3,IncreaseAmount,,0.48445268803510766,1,0.90832245,0.0467390479271264,-22040625190798221,{'reach': 1}
HYCC1,RICTOR,DecreaseAmount,,0.47385749870081684,1,-1.0523975,0.046452908048912,-25016217488290846,{'reach': 1}
HYCC1,PIN1,DecreaseAmount,,0.47385749870081684,1,-0.4283074,0.0412173507530778,-16432565055791267,{'reach': 1}
HYCC1,PFKP,IncreaseAmount,,0.48445268803510766,1,-0.31972885,0.0367926007896963,32355768975694390,{'reach': 1}
CHUK,JUN,IncreaseAmount,,0.47153156304100474,2,0.382891,0.0344369947807562,14342455429423136,{'reach': 2}
CHUK,NUMB,DecreaseAmount,,0.48507422499106756,3,-0.55841154,0.0089225514392756,3129872037491784,{'reach': 3}
CHUK,NUMB,IncreaseAmount,,0.6163664161553967,1,-0.55841154,0.0089225514392756,-19829193345354863,{'medscan': 1}
SCARB1,CD81,IncreaseAmount,,0.47153156304100474,2,-0.19226862,0.0334262253415096,9142030447904337,{'reach': 2}
SCARB1,CD81,DecreaseAmount,,0.47385749870081684,1,-0.19226862,0.0334262253415096,-26251605332887736,{'reach': 1}
MMP11,LGALS1,DecreaseAmount,,0.6324007949925685,1,-0.42673224,9.232016368883129e-05,17493527506505862,{'medscan': 1}
TNFSF10,GSK3B,IncreaseAmount,,0.5323558150969273,1,0.4995617,0.0362575749395158,-18523078080259630,{'bel_lc': 1}
TNFSF10,MTCH2,IncreaseAmount,,0.48445268803510766,1,-0.36501288,0.0451926557311884,16938085911121485,{'reach': 1}
TNFSF10,ANXA5,IncreaseAmount,,0.47153156304100474,2,-0.22490418,0.0137883599893319,-13241156061659601,{'reach': 2}
OPTN,CALCOCO2,DecreaseAmount,,0.4684848027297138,2,0.47183535,0.017920285728126,8839600051532108,{'reach': 2}
IRF1,RBMS2,DecreaseAmount,,0.6301266297471854,1,0.6456912,0.0087214682615805,9187066318401333,{'pc': 1}
IRF1,SEMA3A,DecreaseAmount,,0.6301266297471854,1,0.529929,0.0093885810865658,31980421796643275,{'pc': 1}
IRF1,HIPK1,DecreaseAmount,,0.6301266297471854,1,0.68820685,0.0270348061956962,29042172439677456,{'pc': 1}
IRF1,NFAT5,DecreaseAmount,,0.6301266297471854,1,0.5779299,0.0301496250874568,2197792935769095,{'pc': 1}
IRF1,LSM6,DecreaseAmount,,0.6301266297471854,1,0.3794716,0.0424770498774203,-27405421364458509,{'pc': 1}
IRF1,CUL2,DecreaseAmount,,0.6309317981560123,2,-0.61643535,0.0442365205793374,35688602919072032,{'pc': 2}
IRF1,PSMB9,IncreaseAmount,,0.48445268803510766,1,-0.7327445,0.021741020407979,-27394815502123440,{'reach': 1}
IRF1,PSMB9,IncreaseAmount,,0.6955272061162306,3,-0.7327445,0.021741020407979,-35290985848840735,"{'reach': 1, 'medscan': 1, 'trrust': 1}"
IRF1,PSMB9,DecreaseAmount,,0.6161671830468718,2,-0.7327445,0.021741020407979,19522236860615853,"{'reach': 1, 'pc': 1}"
IRF1,PSMB8,IncreaseAmount,,0.46059139028514173,3,-0.47529554,0.0152603052899011,18707324691429306,"{'sparser': 1, 'reach': 2}"
IRF1,PSMB8,DecreaseAmount,,0.6309317981560123,2,-0.47529554,0.0152603052899011,11104038470511001,{'pc': 2}
IRF1,PSME2,DecreaseAmount,,0.6301266297471854,1,-0.41694582,0.0085120505254737,8989944729458469,{'pc': 1}
IRF1,PTMA,DecreaseAmount,,0.6309317981560123,2,-0.122388385,0.0068121571202687,-31477216841073156,{'pc': 2}
CREB1,SRGN,IncreaseAmount,,0.47153156304100474,2,0.23173778,0.001499176784331,-14933117677692304,{'reach': 2}
CREB1,USP48,DecreaseAmount,,0.6345644251132193,4,0.42720142,0.0048667778866792,-627071967554929,{'pc': 4}
CREB1,SREBF2,DecreaseAmount,,0.6345644251132193,7,0.67354107,0.0116917169962256,-18238562060126663,{'pc': 7}
CREB1,DGUOK,DecreaseAmount,,0.6301266297471854,1,0.44724166,0.0130387663720282,-3127344724558144,{'pc': 1}
CREB1,ACOT7,IncreaseAmount,,0.48445268803510766,1,0.372395,0.0135348515487436,-20203319306983949,{'reach': 1}
CREB1,METTL5,IncreaseAmount,,0.5028536023408147,3,0.487173,0.021475307624707,24652154872052969,{'reach': 3}
CREB1,RBM15B,DecreaseAmount,,0.6301266297471854,1,0.93461627,0.023337771283891,35889112422762560,{'pc': 1}
CREB1,PKM,IncreaseAmount,,0.5636227385041422,2,0.21393381,0.0256476235255784,2677180040847482,{'signor': 2}
CREB1,SPAG9,DecreaseAmount,,0.6345644251132193,5,0.4160189,0.0267243598058408,-8748344110677828,{'pc': 5}
CREB1,ATF4,IncreaseAmount,,0.6752507823162224,8,0.27738303,0.0442104940624914,-24178570552922589,"{'medscan': 7, 'reach': 1}"
CREB1,COX8A,DecreaseAmount,,0.6301266297471854,1,0.16714917,0.0442918698661975,8967791611839413,{'pc': 1}
CREB1,PRNP,IncreaseAmount,,0.47153156304100474,2,-0.4410437,0.0360549427874005,24782499894142897,{'reach': 2}
CREB1,CALM2,DecreaseAmount,,0.6345644251132193,3,-0.14880651,0.0332450174530837,-16336780395805580,{'pc': 3}
CREB1,AKIRIN1,DecreaseAmount,,0.6345644251132193,6,-0.5594538,0.0283702364926907,9599109710107349,{'pc': 6}
CREB1,SLC38A2,DecreaseAmount,,0.6301266297471854,1,-0.39090374,0.0236995539531268,20295662452894525,{'pc': 1}
CREB1,RIPOR1,DecreaseAmount,,0.6345644251132193,6,-0.80884266,0.0189181684573049,8067621323817032,{'pc': 6}
CREB1,SSNA1,DecreaseAmount,,0.6301266297471854,1,-0.49340883,0.008243829605242,8657830668785404,{'pc': 1}
CREB1,TPT1,DecreaseAmount,,0.6345644251132193,3,-0.091309085,0.006186914939152,8207113981070622,{'pc': 3}
CREB1,RAB1A,DecreaseAmount,,0.6301266297471854,1,-0.5340898,0.0028892539672896,9803195560803070,{'pc': 1}
QPCT,SHC1,DecreaseAmount,,0.4684848027297138,2,-0.30885786,0.0484229547066114,-32746729722869568,{'reach': 2}
KPNA2,ICAM1,IncreaseAmount,,0.6607745608925089,4,0.8083568,0.0162467947161725,24888828991126259,"{'reach': 3, 'medscan': 1}"
TRIM47,HMGB1,IncreaseAmount,,0.48445268803510766,1,0.18999273,0.0300966474695175,15704793497510585,{'reach': 1}
PMAIP1,TIMP1,IncreaseAmount,,0.49869444765970106,5,0.28804696,0.0106684119349587,16919152764659831,{'sparser': 5}
PMAIP1,HLA-B,IncreaseAmount,,0.45837692893082216,1,0.16208696,0.0218407539785399,-29075749620688284,{'sparser': 1}
PMAIP1,USP9X,DecreaseAmount,,0.6324007949925685,1,-0.55212045,0.0284456280485069,-18504501201442166,{'medscan': 1}
CDCA2,MTOR,IncreaseAmount,,0.47153156304100474,2,0.71994215,0.0287907520514699,24021185609823039,{'reach': 2}
FLI1,SIGIRR,IncreaseAmount,,0.48445268803510766,1,0.46240264,0.0079875452868803,-1980767753195559,{'reach': 1}
FLI1,CD99,IncreaseAmount,,0.47153156304100474,2,-0.10899077,0.0474090205372784,-9549765142351394,{'reach': 2}
FLI1,PHLDA1,DecreaseAmount,,0.5169140975795858,2,-0.7174093,0.0450820900791216,13649429296878400,"{'reach': 1, 'trrust': 1}"
FLI1,PECAM1,IncreaseAmount,,0.48445268803510766,1,-0.37034708,0.0394672355326117,13520592786228501,{'reach': 1}
FLI1,JAK1,DecreaseAmount,,0.47385749870081684,1,-0.31356797,0.0299590336971604,34053681549100722,{'reach': 1}
FLI1,SMAD5,DecreaseAmount,,0.47385749870081684,1,-0.46360576,0.0177634565891165,28747601389756686,{'reach': 1}
FLI1,CAV1,DecreaseAmount,,0.6324007949925685,1,-0.21794005,0.0033872025537661,25286597317839449,{'medscan': 1}
FLI1,SMAD1,DecreaseAmount,,0.47385749870081684,1,-1.0614545,9.267141942312028e-05,27993978829649824,{'reach': 1}
TYRO3,BAX,DecreaseAmount,,0.47385749870081684,1,-0.21892014,0.0278602720314031,-26558136108450286,{'reach': 1}
UIMC1,TP53,DecreaseAmount,,0.6324007949925685,1,0.61851144,0.0349120690512617,-23377555296321968,{'medscan': 1}
VWF,SERPINE1,DecreaseAmount,,0.4684848027297138,2,0.20808381,0.0244273273189866,15165929174030568,{'reach': 2}
VWF,NEU1,IncreaseAmount,,0.48445268803510766,1,-0.9035391,0.0475940067139432,26923259892072519,{'reach': 1}
IRF3,STK4,IncreaseAmount,,0.48445268803510766,1,0.59664863,0.0131672968139664,-9177470593652533,{'reach': 1}
IRF3,STK4,IncreaseAmount,,0.5256427349609928,3,0.59664863,0.0131672968139664,-16308972873831534,{'reach': 3}
IRF3,BAX,IncreaseAmount,,0.48445268803510766,1,0.26807955,0.0274902296661712,28464591066250100,{'reach': 1}
IRF3,BST2,IncreaseAmount,,0.47153156304100474,2,0.21639295,0.027520903759458,-8641752285629770,{'reach': 2}
IRF3,JUN,DecreaseAmount,,0.47385749870081684,1,0.42041352,0.0308934083139893,35034438057217423,{'reach': 1}
UGGT1,CALR,DecreaseAmount,,0.6324007949925685,1,0.8130566,2.7616640781788257e-19,26397078090668819,{'medscan': 1}
UGGT1,HSPA5,DecreaseAmount,,0.47385749870081684,1,0.60708374,5.172430491664529e-07,-20805328114483876,{'reach': 1}
UGGT1,PSAP,DecreaseAmount,,0.6882881318431928,4,-0.24515034,0.0429322698941704,-12659277065460649,{'medscan': 4}
AGER,HSPA5,IncreaseAmount,,0.48445268803510766,1,-0.2459832,0.023685890116451,26610512919860164,{'reach': 1}
AGER,BAX,DecreaseAmount,,0.47385749870081684,1,-0.2845951,0.023645491471094,-33661296829483881,{'reach': 1}
AGER,BAX,IncreaseAmount,,0.47153156304100474,1,-0.2845951,0.023645491471094,27681774411630217,{'reach': 1}
AGER,BAX,IncreaseAmount,,0.48445268803510766,1,-0.2845951,0.023645491471094,5567551378377045,{'reach': 1}
AGER,BAX,DecreaseAmount,,0.4684848027297138,1,-0.2845951,0.023645491471094,34035997454161602,{'reach': 1}
STAT5A,ASXL1,DecreaseAmount,,0.6309317981560123,2,0.57049686,0.0016788142289661,-914610659207698,{'pc': 2}
STAT5A,SETD7,DecreaseAmount,,0.6301266297471854,1,0.8322059,0.0060794559752613,23456763867010910,{'pc': 1}
STAT5A,TINAGL1,DecreaseAmount,,0.6301266297471854,1,0.31805572,0.006490911911771,3014550904205590,{'pc': 1}
STAT5A,CALR,DecreaseAmount,,0.6301266297471854,1,0.2123449,0.0146810634166021,-34499763071122867,{'pc': 1}
STAT5A,APBB2,DecreaseAmount,,0.6301266297471854,1,0.7019776,0.023404352891188,13294546085432961,{'pc': 1}
STAT5A,PLS3,DecreaseAmount,,0.6301266297471854,1,0.28458688,0.0478989787182687,-20361085189617868,{'pc': 1}
STAT5A,FLI1,DecreaseAmount,,0.6301266297471854,1,0.54763675,0.049614876732086,-10382563037164342,{'pc': 1}
STAT5A,GJA1,IncreaseAmount,,0.5028536023408147,3,-0.48234236,0.0456968161602854,-17480513911814653,{'reach': 3}
STAT5A,LETM2,DecreaseAmount,,0.6301266297471854,1,-0.69545716,0.02423814282829,-35325973012848873,{'pc': 1}
